Src,Eqid,Version,Datetime,Lat,Lon,Magnitude,Depth,NST,Region
ci,15156457,0,"Wednesday, May 30, 2012 03:00:04 UTC",34.3220,-116.4643,1.6,1.50,38,"Southern California"
ci,15156441,0,"Wednesday, May 30, 2012 02:55:05 UTC",33.0332,-116.4312,1.3,5.00,31,"Southern California"
hv,60351651,1,"Wednesday, May 30, 2012 02:40:31 UTC",19.3005,-155.2155,2.1,4.90,41,"Island of Hawaii, Hawaii"
ak,10483585,1,"Wednesday, May 30, 2012 01:49:25 UTC",61.3891,-151.1655,3.6,66.50,73,"Southern Alaska"
ak,10483571,1,"Wednesday, May 30, 2012 01:27:13 UTC",63.1626,-150.7292,1.7,126.60,16,"Central Alaska"
ci,15156401,0,"Wednesday, May 30, 2012 01:19:48 UTC",34.3052,-116.4452,1.4,9.00,28,"Southern California"
us,b000a2ec,4,"Wednesday, May 30, 2012 00:57:50 UTC",5.2877,-73.7462,4.4,157.20,34,"Colombia"
hv,60351616,1,"Wednesday, May 30, 2012 00:34:26 UTC",19.3687,-155.2343,1.7,4.10,16,"Island of Hawaii, Hawaii"
nn,00377716,9,"Wednesday, May 30, 2012 00:26:42 UTC",38.1272,-118.2793,1.0,16.90, 5,"Nevada"
nn,00377715,9,"Wednesday, May 30, 2012 00:21:52 UTC",37.2353,-117.5278,1.3,13.70,28,"Central California"
nc,71793336,1,"Wednesday, May 30, 2012 00:19:11 UTC",39.0833,-123.1420,2.5,5.50,25,"Northern California"
ci,15156369,0,"Wednesday, May 30, 2012 00:04:37 UTC",34.0060,-118.9147,2.1,14.60,32,"Channel Islands region, California"
ci,15156361,0,"Tuesday, May 29, 2012 23:49:42 UTC",32.6785,-115.6865,1.7,0.10,15,"Southern California"
ci,15156353,0,"Tuesday, May 29, 2012 23:47:59 UTC",33.3190,-116.3948,1.2,5.20,51,"Southern California"
us,b000a2ct,4,"Tuesday, May 29, 2012 22:44:29 UTC",16.6199,-98.0004,4.2,10.00,77,"Oaxaca, Mexico"
nc,71793331,2,"Tuesday, May 29, 2012 22:37:17 UTC",37.6340,-119.0268,1.1,3.40, 9,"Long Valley area, California"
nc,71793326,2,"Tuesday, May 29, 2012 22:28:20 UTC",37.6293,-119.0275,1.0,3.90,11,"Long Valley area, California"
ci,15156345,0,"Tuesday, May 29, 2012 22:16:54 UTC",32.9262,-116.2600,2.2,9.00,105,"Southern California"
nc,71793316,0,"Tuesday, May 29, 2012 22:14:57 UTC",36.5137,-121.0953,2.0,4.70,21,"Central California"
nc,71793311,2,"Tuesday, May 29, 2012 22:03:10 UTC",39.5242,-123.0350,1.8,0.00,21,"Northern California"
ci,15156321,0,"Tuesday, May 29, 2012 21:45:26 UTC",34.9450,-116.7213,1.9,2.40,18,"Southern California"
ci,15156313,0,"Tuesday, May 29, 2012 21:44:48 UTC",36.0422,-117.6788,1.2,1.20,16,"Central California"
ci,15156305,0,"Tuesday, May 29, 2012 21:39:40 UTC",34.9485,-116.7282,2.7,2.20,56,"Southern California"
nc,71793296,2,"Tuesday, May 29, 2012 21:31:48 UTC",39.9103,-122.7788,1.3,4.10, 9,"Northern California"
nc,71793286,2,"Tuesday, May 29, 2012 21:30:10 UTC",40.7493,-122.3128,1.7,0.00,14,"Northern California"
nc,71793291,2,"Tuesday, May 29, 2012 21:28:55 UTC",39.9142,-122.7777,1.7,0.00,12,"Northern California"
pr,12150006,0,"Tuesday, May 29, 2012 21:28:07 UTC",18.9120,-65.4000,3.2,80.00, 7,"Puerto Rico region"
ci,15156289,0,"Tuesday, May 29, 2012 21:27:19 UTC",33.6872,-117.6442,1.5,3.50,19,"Greater Los Angeles area, California"
hv,60351561,1,"Tuesday, May 29, 2012 21:23:44 UTC",19.2195,-155.3383,2.0,0.10,24,"Island of Hawaii, Hawaii"
uw,60407457,1,"Tuesday, May 29, 2012 21:21:46 UTC",49.4132,-120.5207,1.5,0.00,10,"British Columbia, Canada"
ak,10483099,1,"Tuesday, May 29, 2012 21:20:22 UTC",62.2923,-149.0291,1.4,29.50, 5,"Central Alaska"
nc,71793266,0,"Tuesday, May 29, 2012 21:18:37 UTC",37.4410,-121.7697,1.1,6.20, 8,"San Francisco Bay area, California"
hv,60351541,1,"Tuesday, May 29, 2012 20:37:53 UTC",19.3012,-155.2130,2.0,3.60,36,"Island of Hawaii, Hawaii"
ci,15156233,0,"Tuesday, May 29, 2012 20:13:51 UTC",33.6997,-116.8138,1.4,18.20,66,"Southern California"
ci,15156225,0,"Tuesday, May 29, 2012 20:04:55 UTC",32.8432,-116.1673,1.4,5.60,32,"Southern California"
ci,15156201,0,"Tuesday, May 29, 2012 19:08:21 UTC",33.5002,-116.4880,1.7,14.80,17,"Southern California"
nc,71793221,2,"Tuesday, May 29, 2012 18:56:46 UTC",37.2627,-118.3178,1.6,9.80, 9,"Central California"
uw,60407442,1,"Tuesday, May 29, 2012 18:45:49 UTC",44.4093,-121.0492,1.7,0.00,13,"Oregon"
nc,71793216,0,"Tuesday, May 29, 2012 18:43:01 UTC",38.7552,-122.7145,1.7,2.10,18,"Northern California"
hv,60351496,1,"Tuesday, May 29, 2012 18:40:43 UTC",19.3075,-155.2175,1.9,3.40,39,"Island of Hawaii, Hawaii"
ak,10483044,1,"Tuesday, May 29, 2012 18:39:10 UTC",64.3490,-146.1316,1.1,14.90, 7,"Central Alaska"
ci,15156193,0,"Tuesday, May 29, 2012 18:35:50 UTC",34.0267,-116.3175,1.2,9.50,38,"Southern California"
us,b000a22d,9,"Tuesday, May 29, 2012 18:28:01 UTC",44.9503,10.9811,4.4,13.10,73,"northern Italy"
hv,60351486,1,"Tuesday, May 29, 2012 18:22:16 UTC",19.2957,-155.2110,2.0,4.50,28,"Island of Hawaii, Hawaii"
nc,71793201,0,"Tuesday, May 29, 2012 18:17:16 UTC",38.8392,-122.8287,1.1,2.60,19,"Northern California"
ci,15156185,0,"Tuesday, May 29, 2012 18:15:34 UTC",32.9108,-115.5783,2.6,14.50,58,"Southern California"
hv,60351476,1,"Tuesday, May 29, 2012 18:14:26 UTC",19.3055,-155.2152,2.3,4.10,46,"Island of Hawaii, Hawaii"
ci,15156177,0,"Tuesday, May 29, 2012 18:14:07 UTC",32.8860,-115.5715,1.9,7.60,15,"Southern California"
ak,10483024,2,"Tuesday, May 29, 2012 18:08:37 UTC",60.1603,-152.6117,2.4,101.40,17,"Southern Alaska"
pr,12150005,0,"Tuesday, May 29, 2012 17:59:24 UTC",18.1399,-68.1529,3.3,77.00,13,"Mona Passage, Dominican Republic"
nc,71793181,0,"Tuesday, May 29, 2012 17:35:43 UTC",38.8243,-122.8523,1.1,1.50,10,"Northern California"
ak,10483000,1,"Tuesday, May 29, 2012 17:06:21 UTC",60.8542,-152.7083,2.2,3.30,18,"Southern Alaska"
ak,10482991,1,"Tuesday, May 29, 2012 16:42:47 UTC",60.8761,-153.0647,2.2,11.80,13,"Southern Alaska"
ak,10482987,2,"Tuesday, May 29, 2012 16:37:24 UTC",51.1211,-179.4879,4.9,18.30,23,"Andreanof Islands, Aleutian Islands, Alaska"
hv,60351426,1,"Tuesday, May 29, 2012 16:06:18 UTC",19.3040,-155.2093,1.7,3.10,32,"Island of Hawaii, Hawaii"
hv,60351421,1,"Tuesday, May 29, 2012 16:04:43 UTC",19.3015,-155.2080,2.0,3.40,38,"Island of Hawaii, Hawaii"
ci,15156161,0,"Tuesday, May 29, 2012 15:48:41 UTC",33.4803,-116.4755,1.1,16.60,40,"Southern California"
ci,15156153,0,"Tuesday, May 29, 2012 15:29:54 UTC",36.0577,-117.8755,1.6,2.00,27,"Central California"
nc,71793156,2,"Tuesday, May 29, 2012 15:26:08 UTC",38.0702,-120.3953,1.1,0.00, 4,"Central California"
ak,10482962,1,"Tuesday, May 29, 2012 15:24:31 UTC",63.8703,-148.7934,2.0,102.80,27,"Central Alaska"
nc,71793136,0,"Tuesday, May 29, 2012 14:55:16 UTC",38.8552,-122.8582,1.0,1.90,17,"Northern California"
nc,71793131,0,"Tuesday, May 29, 2012 14:54:02 UTC",38.8562,-122.8572,1.0,2.00,16,"Northern California"
pr,12150004,0,"Tuesday, May 29, 2012 14:32:51 UTC",17.7970,-67.0090,2.5,28.00, 4,"Puerto Rico region"
nn,00377648,9,"Tuesday, May 29, 2012 14:23:18 UTC",38.6763,-119.5437,1.0,10.60, 9,"Central California"
ak,10482951,1,"Tuesday, May 29, 2012 14:20:16 UTC",64.7515,-152.2826,2.2,0.60,16,"Central Alaska"
hv,60351376,1,"Tuesday, May 29, 2012 13:36:37 UTC",19.3762,-155.2378,1.8,3.70,18,"Island of Hawaii, Hawaii"
nc,71793126,2,"Tuesday, May 29, 2012 13:33:08 UTC",36.0488,-120.6117,1.2,3.90,35,"Central California"
ci,15156129,0,"Tuesday, May 29, 2012 13:29:32 UTC",32.3728,-115.4830,2.0,27.40,19,"Baja California, Mexico"
nc,71793121,1,"Tuesday, May 29, 2012 13:15:35 UTC",36.6107,-121.1348,1.8,7.40,22,"Central California"
ci,15156113,0,"Tuesday, May 29, 2012 13:08:49 UTC",34.3047,-116.4363,1.6,3.60,48,"Southern California"
ak,10482938,1,"Tuesday, May 29, 2012 12:48:08 UTC",62.6272,-149.5424,1.7,51.90,15,"Central Alaska"
hv,60351336,1,"Tuesday, May 29, 2012 12:21:13 UTC",19.2808,-155.1995,1.8,6.20,16,"Island of Hawaii, Hawaii"
ak,10482931,1,"Tuesday, May 29, 2012 11:58:24 UTC",62.3089,-149.0308,1.2,29.00, 8,"Central Alaska"
nc,71793106,2,"Tuesday, May 29, 2012 11:57:22 UTC",40.7635,-122.3407,1.7,18.50, 9,"Northern California"
hv,60351326,1,"Tuesday, May 29, 2012 11:39:57 UTC",19.1575,-155.4298,1.9,36.50,12,"Island of Hawaii, Hawaii"
ak,10482926,1,"Tuesday, May 29, 2012 11:33:30 UTC",61.2415,-150.2028,1.8,37.30,16,"Southern Alaska"
nc,71793096,2,"Tuesday, May 29, 2012 11:29:03 UTC",40.5237,-122.0153,1.9,15.70,23,"Northern California"
nc,71793086,1,"Tuesday, May 29, 2012 11:28:28 UTC",38.8163,-122.7847,1.4,2.50,32,"Northern California"
ci,15156089,0,"Tuesday, May 29, 2012 11:07:59 UTC",33.7832,-116.1017,1.0,6.40,46,"Southern California"
nc,71793076,2,"Tuesday, May 29, 2012 11:03:53 UTC",39.2597,-120.1167,1.1,8.20,15,"Northern California"
nc,71793071,2,"Tuesday, May 29, 2012 11:03:13 UTC",39.2638,-120.1137,1.3,8.50,16,"Northern California"
us,b000a1tr,2,"Tuesday, May 29, 2012 11:00:25 UTC",44.9163,10.9340,5.1,10.00,248,"northern Italy"
us,b000a1ri,8,"Tuesday, May 29, 2012 10:55:57 UTC",44.8590,10.9910,5.4,9.90,479,"northern Italy"
ci,15156081,0,"Tuesday, May 29, 2012 10:46:58 UTC",34.9525,-116.7283,1.9,2.10,32,"Southern California"
ak,10482903,1,"Tuesday, May 29, 2012 10:38:11 UTC",63.1448,-150.4944,1.1,128.00, 4,"Central Alaska"
hv,60351306,1,"Tuesday, May 29, 2012 09:56:12 UTC",19.2193,-155.2173,1.9,8.90,37,"Island of Hawaii, Hawaii"
ak,10482891,1,"Tuesday, May 29, 2012 09:44:55 UTC",59.8626,-141.0481,2.3,0.00,21,"Southeastern Alaska"
nn,00377639,9,"Tuesday, May 29, 2012 09:42:29 UTC",37.9000,-116.9298,1.7,0.00, 4,"Nevada"
ci,15156065,0,"Tuesday, May 29, 2012 09:18:49 UTC",32.6883,-116.0950,1.5,8.00,24,"Southern California"
se,052912a,A,"Tuesday, May 29, 2012 09:12:10 UTC",35.5016,-85.0322,2.4,22.90,16,"eastern Tennessee"
ci,15156057,0,"Tuesday, May 29, 2012 08:53:18 UTC",33.3532,-116.3178,1.9,10.60,107,"Southern California"
us,b000a1nu,7,"Tuesday, May 29, 2012 08:40:57 UTC",44.8533,10.9903,4.7,10.10,90,"northern Italy"
se,052912b,A,"Tuesday, May 29, 2012 08:32:22 UTC",35.5014,-85.0293,2.3,21.90,16,"eastern Tennessee"
ak,10482881,2,"Tuesday, May 29, 2012 08:29:49 UTC",61.0280,-152.5090,1.9,119.00,21,"Southern Alaska"
us,b000a1nn,5,"Tuesday, May 29, 2012 08:25:51 UTC",44.8139,10.9481,4.7,10.00,183,"northern Italy"
pr,12150003,0,"Tuesday, May 29, 2012 08:05:00 UTC",18.1809,-67.4459,2.0,18.00, 7,"Mona Passage, Puerto Rico"
nc,71793021,2,"Tuesday, May 29, 2012 08:01:24 UTC",39.0060,-123.1397,1.4,6.60,22,"Northern California"
hv,60351261,1,"Tuesday, May 29, 2012 07:41:40 UTC",19.2955,-155.2140,2.0,4.30,33,"Island of Hawaii, Hawaii"
hv,60351256,1,"Tuesday, May 29, 2012 07:32:46 UTC",19.3043,-155.2070,2.8,8.90,60,"Island of Hawaii, Hawaii"
us,b000a1mu,5,"Tuesday, May 29, 2012 07:23:31 UTC",42.6520,23.0355,4.5,7.90,36,"Bulgaria"
ak,10482876,1,"Tuesday, May 29, 2012 07:21:54 UTC",61.5395,-150.0388,1.4,32.40, 5,"Southern Alaska"
ci,15156041,0,"Tuesday, May 29, 2012 07:18:17 UTC",33.7148,-117.3905,1.3,10.20,18,"Southern California"
hv,60351251,1,"Tuesday, May 29, 2012 07:18:02 UTC",19.2952,-155.2128,1.8,4.50,30,"Island of Hawaii, Hawaii"
us,b000a1mn,A,"Tuesday, May 29, 2012 07:00:03 UTC",44.8139,11.0786,5.8,9.60,400,"northern Italy"
ak,10482858,1,"Tuesday, May 29, 2012 06:54:05 UTC",60.6921,-146.4521,2.4,15.90,35,"Southern Alaska"
hv,60351221,1,"Tuesday, May 29, 2012 06:38:12 UTC",19.8240,-155.0375,2.1,42.50,44,"Island of Hawaii, Hawaii"
ak,10482850,1,"Tuesday, May 29, 2012 06:29:08 UTC",62.9350,-148.4529,1.5,55.50,16,"Central Alaska"
ak,10482849,1,"Tuesday, May 29, 2012 06:24:07 UTC",65.6582,-154.4592,2.3,1.80, 9,"northern Alaska"
pr,12150002,0,"Tuesday, May 29, 2012 05:53:42 UTC",18.9920,-64.3460,2.9,28.00, 7,"Virgin Islands region"
ak,10482841,1,"Tuesday, May 29, 2012 05:47:25 UTC",63.0785,-150.7541,1.4,61.70, 7,"Central Alaska"
ci,15156033,0,"Tuesday, May 29, 2012 05:46:12 UTC",34.9483,-116.7267,1.6,3.10,31,"Southern California"
nc,71792986,1,"Tuesday, May 29, 2012 05:36:19 UTC",38.8132,-122.8100,1.1,4.30,32,"Northern California"
nc,71792981,1,"Tuesday, May 29, 2012 05:15:19 UTC",37.3727,-119.0340,1.8,9.40,31,"Central California"
us,b000a1lv,6,"Tuesday, May 29, 2012 05:07:36 UTC",16.8903,147.4256,4.5,42.40,46,"Mariana Islands region"
ak,10482830,1,"Tuesday, May 29, 2012 05:00:22 UTC",58.4775,-152.7316,2.1,35.90, 7,"Kodiak Island region, Alaska"
nc,71792976,1,"Tuesday, May 29, 2012 04:55:59 UTC",38.8120,-122.7925,1.9,3.30,41,"Northern California"
hv,60351161,1,"Tuesday, May 29, 2012 04:33:13 UTC",19.2878,-155.2165,1.8,5.60,30,"Island of Hawaii, Hawaii"
us,b000a1l4,6,"Tuesday, May 29, 2012 04:17:32 UTC",54.1912,169.0718,4.6,19.60,194,"Komandorskiye Ostrova, Russia region"
pr,12150001,0,"Tuesday, May 29, 2012 04:03:08 UTC",19.6116,-66.5899,3.3,35.80,12,"Puerto Rico region"
hv,60351116,1,"Tuesday, May 29, 2012 03:34:57 UTC",19.2785,-155.2148,1.9,4.30,27,"Island of Hawaii, Hawaii"
us,b000a1kl,3,"Tuesday, May 29, 2012 03:33:26 UTC",-22.0103,-179.4889,5.9,605.40,510,"south of the Fiji Islands"
hv,60351111,1,"Tuesday, May 29, 2012 03:24:58 UTC",19.2878,-155.2147,2.0,6.40,42,"Island of Hawaii, Hawaii"
ci,15156001,0,"Tuesday, May 29, 2012 03:20:42 UTC",34.3035,-116.4380,1.4,8.50,41,"Southern California"
ci,15155977,0,"Tuesday, May 29, 2012 02:52:57 UTC",34.2967,-116.4480,1.2,6.00,25,"Southern California"
pr,12150000,0,"Tuesday, May 29, 2012 02:41:40 UTC",18.0809,-65.0286,2.4,7.20, 7,"Virgin Islands region"
us,b000a1jw,A,"Tuesday, May 29, 2012 02:40:54 UTC",54.3810,168.9159,5.6,17.80,529,"Komandorskiye Ostrova, Russia region"
uw,60407182,2,"Tuesday, May 29, 2012 02:32:50 UTC",47.1928,-124.0627,1.2,33.20,18,"Olympic Peninsula, Washington"
ci,15155961,0,"Tuesday, May 29, 2012 02:17:27 UTC",32.5878,-115.7207,2.4,5.30,48,"Baja California, Mexico"
ci,15155953,0,"Tuesday, May 29, 2012 02:16:01 UTC",36.0033,-117.7982,2.3,1.90,10,"Central California"
ak,10482779,2,"Tuesday, May 29, 2012 02:15:01 UTC",63.6098,-150.6344,2.2,8.10,24,"Central Alaska"
hv,60351076,1,"Tuesday, May 29, 2012 02:02:28 UTC",19.3728,-155.4885,2.1,12.40,60,"Island of Hawaii, Hawaii"
us,b000a1j9,9,"Tuesday, May 29, 2012 01:56:05 UTC",39.1586,144.6538,5.2,40.60,396,"off the east coast of Honshu, Japan"
nc,71792911,0,"Tuesday, May 29, 2012 01:53:02 UTC",38.8118,-122.8228,1.0,2.30,18,"Northern California"
nc,71792906,2,"Tuesday, May 29, 2012 01:47:03 UTC",37.2465,-119.4870,1.8,36.60, 9,"Central California"
ak,10482762,1,"Tuesday, May 29, 2012 01:44:12 UTC",63.1088,-150.4451,1.4,102.10, 6,"Central Alaska"
hv,60351051,1,"Tuesday, May 29, 2012 01:38:38 UTC",19.2792,-155.2175,2.1,4.50,35,"Island of Hawaii, Hawaii"
us,b000a1j1,5,"Tuesday, May 29, 2012 01:15:25 UTC",3.3829,127.2893,4.5,71.80,28,"Kepulauan Talaud, Indonesia"
ci,15155929,0,"Tuesday, May 29, 2012 01:14:40 UTC",34.2533,-117.0702,1.2,8.40,44,"Southern California"
nn,00377620,9,"Tuesday, May 29, 2012 00:58:34 UTC",38.7286,-115.7321,1.8,0.00, 3,"Nevada"
ci,15155921,0,"Tuesday, May 29, 2012 00:31:02 UTC",34.6057,-116.2817,1.3,5.00,19,"Southern California"
us,b000a1iu,7,"Tuesday, May 29, 2012 00:27:18 UTC",24.8404,-98.9552,3.7,13.00,21,"Tamaulipas, Mexico"
ci,15155913,0,"Monday, May 28, 2012 23:56:08 UTC",33.2360,-117.0983,1.7,0.10,18,"Southern California"
ak,10482740,1,"Monday, May 28, 2012 23:46:42 UTC",61.6938,-154.9744,2.0,23.80,15,"Southern Alaska"
ak,10482738,1,"Monday, May 28, 2012 23:29:00 UTC",58.6627,-151.2511,2.3,0.00,11,"Kodiak Island region, Alaska"
ak,10482735,1,"Monday, May 28, 2012 23:17:42 UTC",63.1960,-149.8340,1.7,96.40,20,"Central Alaska"
ci,15155889,0,"Monday, May 28, 2012 23:06:23 UTC",33.4863,-116.7478,1.8,15.20,97,"Southern California"
ak,10482730,1,"Monday, May 28, 2012 23:05:38 UTC",65.0125,-147.3333,1.5,0.10, 8,"northern Alaska"
ak,10482722,1,"Monday, May 28, 2012 22:49:14 UTC",61.6882,-151.8767,2.0,111.10,21,"Southern Alaska"
ak,10482716,1,"Monday, May 28, 2012 22:39:53 UTC",63.3381,-145.4092,1.7,2.00,18,"Central Alaska"
ak,10482714,1,"Monday, May 28, 2012 22:24:13 UTC",61.4906,-146.6829,1.8,62.80, 7,"Southern Alaska"
hv,60350971,1,"Monday, May 28, 2012 22:21:52 UTC",19.2780,-155.1308,1.8,4.80,22,"Island of Hawaii, Hawaii"
us,b000a1g7,7,"Monday, May 28, 2012 21:47:11 UTC",-19.8607,-175.8937,5.8,226.60,329,"Tonga"
hv,60350946,1,"Monday, May 28, 2012 21:39:28 UTC",19.2830,-155.2153,1.8,4.20,26,"Island of Hawaii, Hawaii"
ci,15155857,0,"Monday, May 28, 2012 21:36:01 UTC",32.6602,-115.8227,1.8,6.90,28,"Southern California"
ci,15155849,0,"Monday, May 28, 2012 21:30:57 UTC",33.2667,-116.3775,1.2,15.20,31,"Southern California"
hv,60350936,1,"Monday, May 28, 2012 21:23:29 UTC",19.2803,-155.2305,1.8,4.80,21,"Island of Hawaii, Hawaii"
ak,10482697,1,"Monday, May 28, 2012 21:07:16 UTC",62.8693,-151.2326,1.2,113.70, 5,"Central Alaska"
hv,60350911,1,"Monday, May 28, 2012 21:01:09 UTC",19.2897,-155.2425,1.7,1.80,10,"Island of Hawaii, Hawaii"
hv,60350891,1,"Monday, May 28, 2012 20:47:06 UTC",19.3315,-155.3302,2.1,6.70,11,"Island of Hawaii, Hawaii"
ci,15155841,0,"Monday, May 28, 2012 19:46:39 UTC",32.9605,-116.3498,1.9,0.20,13,"Southern California"
uw,60407062,3,"Monday, May 28, 2012 19:14:13 UTC",47.7095,-120.0305,1.5,9.40, 5,"Washington"
uw,60407047,3,"Monday, May 28, 2012 18:58:21 UTC",47.6287,-120.2952,2.2,7.70,26,"Washington"
hv,60350866,1,"Monday, May 28, 2012 17:57:41 UTC",19.3665,-155.0305,2.6,5.30,48,"Island of Hawaii, Hawaii"
hv,60350861,1,"Monday, May 28, 2012 17:49:29 UTC",19.2357,-155.3452,2.6,0.00,47,"Island of Hawaii, Hawaii"
ci,15155817,0,"Monday, May 28, 2012 17:46:44 UTC",33.3878,-116.5213,1.2,1.00,23,"Southern California"
ci,15155809,2,"Monday, May 28, 2012 17:25:18 UTC",34.9472,-116.7242,2.8,2.30,70,"Southern California"
nc,71792721,2,"Monday, May 28, 2012 17:01:14 UTC",37.7527,-122.5317,1.0,10.10,21,"offshore Northern California"
ci,15155801,2,"Monday, May 28, 2012 16:52:03 UTC",33.0373,-116.4173,1.0,4.80,37,"Southern California"
us,b000a1bl,6,"Monday, May 28, 2012 16:36:46 UTC",35.7254,140.0824,5.3,62.00,280,"near the east coast of Honshu, Japan"
us,b000a1an,6,"Monday, May 28, 2012 15:39:46 UTC",-25.2666,-179.8842,5.0,506.20,51,"south of the Fiji Islands"
pr,12149001,0,"Monday, May 28, 2012 15:38:51 UTC",18.2325,-67.8239,3.2,122.00, 5,"Mona Passage, Puerto Rico"
uu,05281533,2,"Monday, May 28, 2012 15:33:03 UTC",39.6328,-110.3885,1.6,0.10,11,"Utah"
ci,15155793,2,"Monday, May 28, 2012 14:54:38 UTC",32.9162,-115.8063,1.3,7.80,27,"Southern California"
ci,15155769,2,"Monday, May 28, 2012 13:20:03 UTC",34.9480,-116.7275,1.7,4.30,35,"Southern California"
us,b000a18z,4,"Monday, May 28, 2012 13:15:03 UTC",-0.0169,123.4757,5.0,149.20,77,"Sulawesi, Indonesia"
ak,10482618,1,"Monday, May 28, 2012 12:28:35 UTC",63.1054,-151.5026,1.0,13.40, 6,"Central Alaska"
ak,10482609,1,"Monday, May 28, 2012 12:11:03 UTC",59.6623,-153.2997,2.5,115.40,29,"Southern Alaska"
ak,10482610,1,"Monday, May 28, 2012 12:07:20 UTC",61.7348,-149.9118,1.0,39.80, 5,"Southern Alaska"
ci,15155721,2,"Monday, May 28, 2012 11:59:34 UTC",33.4830,-116.4820,1.2,15.30,55,"Southern California"
ci,15155713,2,"Monday, May 28, 2012 11:59:06 UTC",33.4817,-116.4818,1.7,15.90,41,"Southern California"
ci,15155705,2,"Monday, May 28, 2012 11:58:56 UTC",33.4758,-116.4767,1.9,15.00,27,"Southern California"
ci,37052067,2,"Monday, May 28, 2012 11:58:34 UTC",33.4828,-116.4913,1.7,16.20,13,"Southern California"
ci,15155697,2,"Monday, May 28, 2012 11:58:33 UTC",33.4838,-116.4830,1.7,15.80,44,"Southern California"
ak,10482599,1,"Monday, May 28, 2012 11:54:42 UTC",62.3925,-151.4147,1.4,103.90, 8,"Central Alaska"
us,b000a172,6,"Monday, May 28, 2012 11:50:56 UTC",-28.1396,-63.2065,5.1,592.00,348,"Santiago del Estero, Argentina"
ak,10482593,1,"Monday, May 28, 2012 11:46:48 UTC",61.8257,-150.5936,1.4,51.50,11,"Southern Alaska"
ci,15155689,2,"Monday, May 28, 2012 11:07:40 UTC",34.4427,-119.1555,1.2,10.20,12,"Southern California"
ak,10482586,2,"Monday, May 28, 2012 10:49:20 UTC",51.2417,-177.9524,2.7,26.10,13,"Andreanof Islands, Aleutian Islands, Alaska"
pr,12149000,0,"Monday, May 28, 2012 10:30:44 UTC",19.1650,-63.5620,3.7,32.00, 8,"Virgin Islands region"
ak,10482581,1,"Monday, May 28, 2012 10:05:35 UTC",61.6020,-146.3610,1.4,37.20, 5,"Southern Alaska"
ci,15155657,2,"Monday, May 28, 2012 09:01:36 UTC",34.9490,-116.7200,1.6,1.90,35,"Southern California"
nc,71792606,5,"Monday, May 28, 2012 08:50:35 UTC",38.8270,-122.8292,2.0,2.80,64,"Northern California"
ak,10482565,1,"Monday, May 28, 2012 08:46:58 UTC",63.5011,-151.0033,1.0,2.70,10,"Central Alaska"
ak,10482559,1,"Monday, May 28, 2012 08:39:54 UTC",60.0188,-153.1838,2.5,109.60,26,"Southern Alaska"
ci,15155649,2,"Monday, May 28, 2012 08:37:57 UTC",35.0420,-119.0552,1.3,16.50,20,"Central California"
ci,37052059,2,"Monday, May 28, 2012 08:33:52 UTC",32.9102,-115.5263,2.1,10.20,37,"Southern California"
us,b000a15q,3,"Monday, May 28, 2012 08:29:27 UTC",14.2886,145.2328,4.5,100.80,74,"Rota region, Northern Mariana Islands"
us,b000a152,6,"Monday, May 28, 2012 08:22:09 UTC",-27.9249,-71.0604,4.6,22.90,53,"Atacama, Chile"
nc,71792576,3,"Monday, May 28, 2012 08:17:38 UTC",38.8183,-122.7927,1.9,4.20,70,"Northern California"
ak,10482547,2,"Monday, May 28, 2012 07:29:53 UTC",51.7977,-178.7072,2.9,32.80, 7,"Andreanof Islands, Aleutian Islands, Alaska"
ak,10482545,1,"Monday, May 28, 2012 07:28:52 UTC",62.0589,-148.2419,1.7,28.10,22,"Central Alaska"
uw,60406962,2,"Monday, May 28, 2012 07:26:28 UTC",48.1785,-125.9495,1.6,5.00,23,"Vancouver Island, Canada region"
ci,15155609,2,"Monday, May 28, 2012 07:12:49 UTC",34.9472,-116.7212,1.9,2.50,50,"Southern California"
uw,60406952,2,"Monday, May 28, 2012 07:03:16 UTC",47.8427,-122.4243,1.0,24.20,21,"Seattle-Tacoma urban area, Washington"
ak,10482540,2,"Monday, May 28, 2012 06:58:42 UTC",51.7653,-178.7215,1.7,35.80, 6,"Andreanof Islands, Aleutian Islands, Alaska"
ak,10482536,1,"Monday, May 28, 2012 06:47:50 UTC",61.2083,-146.9667,1.7,0.00, 4,"Southern Alaska"
ci,15155601,2,"Monday, May 28, 2012 05:50:58 UTC",32.6832,-115.7092,1.2,6.30,22,"Southern California"
nc,71792531,3,"Monday, May 28, 2012 05:42:41 UTC",36.6368,-121.2572,2.4,10.90,72,"Central California"
ak,10482523,2,"Monday, May 28, 2012 05:30:19 UTC",52.5255,-164.6895,3.5,41.50,25,"south of Alaska"
ci,37052043,2,"Monday, May 28, 2012 05:10:53 UTC",32.6737,-115.9497,1.0,5.00,17,"Southern California"
ci,15155585,2,"Monday, May 28, 2012 05:10:15 UTC",32.6843,-115.6995,1.0,8.40,23,"Southern California"
us,b000a0z0,D,"Monday, May 28, 2012 05:07:23 UTC",-28.0614,-63.0770,6.7,588.00,571,"Santiago del Estero, Argentina"
nc,71792466,0,"Monday, May 28, 2012 03:49:27 UTC",38.8610,-122.8027,1.0,2.00,17,"Northern California"
ak,10482496,1,"Monday, May 28, 2012 03:23:44 UTC",58.3575,-152.1790,2.7,36.00,24,"Kodiak Island region, Alaska"
ci,15155577,2,"Monday, May 28, 2012 03:19:31 UTC",32.7717,-115.7743,1.3,7.30,25,"Southern California"
ci,15155569,2,"Monday, May 28, 2012 03:18:53 UTC",34.0633,-117.5665,1.2,14.00,48,"Greater Los Angeles area, California"
ak,10482485,1,"Monday, May 28, 2012 02:59:50 UTC",60.1093,-152.0403,1.4,49.00, 5,"Southern Alaska"
nc,71792456,2,"Monday, May 28, 2012 02:58:32 UTC",38.0582,-121.8918,2.0,17.30,53,"San Francisco Bay area, California"
ak,10482481,2,"Monday, May 28, 2012 02:58:20 UTC",57.2747,-155.1185,2.4,66.60,14,"Alaska Peninsula"
us,b000a0y2,6,"Monday, May 28, 2012 02:22:57 UTC",39.6541,118.7355,4.7,38.70,49,"Hebei, China"
ak,10482473,1,"Monday, May 28, 2012 02:22:49 UTC",66.4517,-147.2334,1.6,0.00, 6,"northern Alaska"
uw,60406902,2,"Monday, May 28, 2012 02:20:21 UTC",44.1203,-122.8528,1.6,9.90,17,"Oregon"
nc,71792441,1,"Monday, May 28, 2012 02:09:18 UTC",38.8080,-122.8105,1.4,1.80,27,"Northern California"
ak,10482469,1,"Monday, May 28, 2012 01:57:53 UTC",63.0865,-151.4390,1.4,0.40, 8,"Central Alaska"
ak,10482465,2,"Monday, May 28, 2012 01:37:17 UTC",62.1899,-145.6538,1.7,19.20,12,"Central Alaska"
nc,71792421,3,"Monday, May 28, 2012 01:28:18 UTC",37.9638,-122.3488,2.4,4.70,138,"San Francisco Bay area, California"
nc,71792426,0,"Monday, May 28, 2012 01:28:04 UTC",40.3765,-124.4423,2.0,14.90, 7,"offshore Northern California"
ak,10482459,1,"Monday, May 28, 2012 01:17:27 UTC",63.5569,-150.7942,1.2,1.50, 9,"Central Alaska"
uw,60406897,2,"Monday, May 28, 2012 01:16:07 UTC",45.0555,-122.3055,1.9,11.10,20,"Oregon"
us,b000a0xm,7,"Monday, May 28, 2012 01:06:31 UTC",39.9170,16.1591,4.5,28.40,20,"southern Italy"
ak,10482451,2,"Monday, May 28, 2012 01:02:50 UTC",60.9143,-151.0654,2.6,18.80,39,"Kenai Peninsula, Alaska"
nc,71792386,4,"Monday, May 28, 2012 00:21:25 UTC",35.6958,-121.1637,1.5,6.60,24,"Central California"
ci,15155545,2,"Monday, May 28, 2012 00:09:31 UTC",32.2908,-115.3177,2.3,10.00,24,"Baja California, Mexico"
ak,10482447,2,"Monday, May 28, 2012 00:00:10 UTC",60.7058,-150.0595,1.5,37.50,18,"Kenai Peninsula, Alaska"
nc,71792381,2,"Sunday, May 27, 2012 23:56:32 UTC",40.0357,-121.9988,1.8,14.60,21,"Northern California"
ak,10482441,1,"Sunday, May 27, 2012 23:27:09 UTC",69.0227,-146.8337,3.2,37.50,15,"northern Alaska"
ci,15155521,0,"Sunday, May 27, 2012 23:20:42 UTC",33.3205,-116.3912,1.2,4.80,52,"Southern California"
hv,60350666,1,"Sunday, May 27, 2012 23:01:37 UTC",19.4140,-155.3148,1.9,5.60,35,"Island of Hawaii, Hawaii"
nc,71792361,1,"Sunday, May 27, 2012 22:59:00 UTC",38.8375,-122.8377,1.5,2.30,27,"Northern California"
ak,10482433,1,"Sunday, May 27, 2012 22:58:14 UTC",60.2533,-141.2269,1.1,14.90, 7,"Southern Alaska"
ci,15155513,0,"Sunday, May 27, 2012 22:56:06 UTC",33.3932,-116.5038,1.3,0.10,21,"Southern California"
nc,71792356,1,"Sunday, May 27, 2012 22:53:02 UTC",38.7878,-122.7492,1.4,3.10,25,"Northern California"
nc,71792346,0,"Sunday, May 27, 2012 22:43:22 UTC",38.8075,-122.8122,1.2,2.90,15,"Northern California"
ci,15155497,0,"Sunday, May 27, 2012 22:22:09 UTC",33.1205,-116.3690,1.2,1.40,22,"Southern California"
ci,15155489,0,"Sunday, May 27, 2012 22:19:24 UTC",33.4088,-116.8620,1.9,7.80,22,"Southern California"
us,b000a0wc,7,"Sunday, May 27, 2012 22:16:30 UTC",14.3746,-93.4515,4.5,42.10,87,"off the coast of Chiapas, Mexico"
pr,12148010,0,"Sunday, May 27, 2012 22:12:26 UTC",18.8540,-64.9840,3.2,14.00,10,"Virgin Islands region"
ci,15155481,0,"Sunday, May 27, 2012 22:10:31 UTC",33.4593,-116.5728,1.7,17.70,17,"Southern California"
uw,60406847,1,"Sunday, May 27, 2012 21:57:20 UTC",48.6387,-123.1255,1.0,12.30,12,"San Juan Islands region, Washington"
us,b000a0w3,4,"Sunday, May 27, 2012 21:52:52 UTC",13.1758,-89.0599,4.4,75.10,22,"offshore El Salvador"
pr,12148009,0,"Sunday, May 27, 2012 21:49:29 UTC",19.1389,-68.5630,3.4,94.80,12,"Dominican Republic region"
ci,15155473,0,"Sunday, May 27, 2012 21:37:15 UTC",33.3903,-116.2775,1.6,4.50,16,"Southern California"
uw,60406837,1,"Sunday, May 27, 2012 21:33:24 UTC",49.3682,-120.4738,2.5,0.00,11,"British Columbia, Canada"
ak,10482412,1,"Sunday, May 27, 2012 21:26:40 UTC",63.5752,-147.3123,1.5,0.50,11,"Central Alaska"
us,b000a0ux,5,"Sunday, May 27, 2012 20:50:21 UTC",30.7923,83.4254,4.7,27.50,37,"western Xizang"
us,b000a0tw,5,"Sunday, May 27, 2012 20:01:43 UTC",-21.7296,-68.4314,4.4,122.00,21,"Antofagasta, Chile"
ci,15155441,0,"Sunday, May 27, 2012 18:49:41 UTC",33.1337,-116.5547,1.1,13.90,28,"Southern California"
ak,10482397,2,"Sunday, May 27, 2012 18:42:54 UTC",54.2505,-162.4624,2.6,8.30,13,"Alaska Peninsula"
ci,15155433,0,"Sunday, May 27, 2012 18:42:51 UTC",34.8230,-116.6395,1.8,23.10,18,"Southern California"
ci,15155425,0,"Sunday, May 27, 2012 18:40:52 UTC",34.9467,-116.7178,1.7,0.10,22,"Southern California"
us,b000a0sr,A,"Sunday, May 27, 2012 18:40:24 UTC",-21.9892,-179.4158,4.4,486.80,39,"Fiji region"
nc,71792251,0,"Sunday, May 27, 2012 18:32:50 UTC",38.8278,-122.7985,1.1,2.80,13,"Northern California"
ak,10482389,1,"Sunday, May 27, 2012 18:24:43 UTC",60.4626,-147.5687,1.7,6.00,11,"Southern Alaska"
nc,71792246,1,"Sunday, May 27, 2012 18:23:18 UTC",38.8010,-122.8017,1.7,3.10,39,"Northern California"
ci,15155417,0,"Sunday, May 27, 2012 18:09:05 UTC",32.9085,-116.3465,1.3,10.50,37,"Southern California"
us,b000a0s4,6,"Sunday, May 27, 2012 18:05:50 UTC",16.2293,-95.5229,4.6,71.60,135,"Oaxaca, Mexico"
ci,15155409,0,"Sunday, May 27, 2012 18:04:27 UTC",33.3155,-116.4022,1.6,6.20,80,"Southern California"
ci,15155393,0,"Sunday, May 27, 2012 17:26:40 UTC",34.9470,-116.7253,2.2,2.30,51,"Southern California"
uu,05271714,2,"Sunday, May 27, 2012 17:14:18 UTC",37.6568,-114.2140,1.1,1.10, 9,"Nevada"
us,b000a0rh,8,"Sunday, May 27, 2012 17:12:30 UTC",-30.2638,-177.9675,4.7,25.30,25,"Kermadec Islands, New Zealand"
ak,10482370,1,"Sunday, May 27, 2012 16:35:00 UTC",61.8369,-149.7878,3.0,11.40,63,"Southern Alaska"
ci,15155313,0,"Sunday, May 27, 2012 16:13:07 UTC",33.8730,-116.2030,1.3,8.10,39,"Southern California"
ak,10482359,1,"Sunday, May 27, 2012 15:24:00 UTC",63.0861,-151.4383,1.2,0.00, 8,"Central Alaska"
ci,15155297,0,"Sunday, May 27, 2012 15:16:42 UTC",34.3030,-117.0503,1.6,7.60,68,"Southern California"
hv,60350601,1,"Sunday, May 27, 2012 15:16:02 UTC",19.4095,-155.3173,1.8,5.00,25,"Island of Hawaii, Hawaii"
nc,71792186,2,"Sunday, May 27, 2012 15:04:09 UTC",40.1050,-121.6218,1.7,8.00,18,"Northern California"
us,b000a0z6,5,"Sunday, May 27, 2012 15:01:29 UTC",26.6008,91.5236,4.2,59.20,19,"Assam, India"
hv,60350571,1,"Sunday, May 27, 2012 14:49:14 UTC",19.3763,-155.2358,2.1,3.80,24,"Island of Hawaii, Hawaii"
nc,71792176,0,"Sunday, May 27, 2012 14:47:02 UTC",38.7772,-122.7563,1.2,1.80,17,"Northern California"
nc,71792151,2,"Sunday, May 27, 2012 14:24:28 UTC",35.8045,-121.4237,1.8,9.80,35,"offshore Central California"
ak,10482340,2,"Sunday, May 27, 2012 14:08:20 UTC",63.5605,-150.6493,1.2,1.40, 9,"Central Alaska"
nc,71792146,1,"Sunday, May 27, 2012 13:57:15 UTC",38.8238,-122.8030,1.4,3.50,25,"Northern California"
us,b000a0pc,8,"Sunday, May 27, 2012 13:42:01 UTC",14.3679,-93.3047,4.9,52.30,200,"offshore Chiapas, Mexico"
ci,15155281,3,"Sunday, May 27, 2012 13:05:48 UTC",34.9470,-116.7218,3.8,6.80,79,"Southern California"
nc,71792131,1,"Sunday, May 27, 2012 13:03:12 UTC",38.8318,-122.8112,1.1,2.40,23,"Northern California"
us,b000a0ne,5,"Sunday, May 27, 2012 12:34:41 UTC",45.4243,151.4713,4.6,53.90,58,"Kuril Islands"
nc,71792106,3,"Sunday, May 27, 2012 12:23:11 UTC",38.8315,-122.8075,2.0,1.20,92,"Northern California"
ak,10482316,1,"Sunday, May 27, 2012 12:14:36 UTC",60.4744,-140.1586,2.2,0.00,24,"Southern Yukon Territory, Canada"
nc,71792101,1,"Sunday, May 27, 2012 12:06:14 UTC",37.4177,-121.7683,1.8,5.70,31,"San Francisco Bay area, California"
nc,71792091,4,"Sunday, May 27, 2012 11:45:05 UTC",37.4120,-119.3597,1.8,31.20,27,"Central California"
pr,12148008,0,"Sunday, May 27, 2012 11:29:03 UTC",18.4825,-66.2774,3.0,107.90,12,"Puerto Rico region"
ak,10482304,1,"Sunday, May 27, 2012 11:22:01 UTC",63.5372,-147.2053,1.6,0.40,22,"Central Alaska"
us,b000a0lu,8,"Sunday, May 27, 2012 11:20:08 UTC",24.6427,123.1558,4.8,16.00,90,"southwestern Ryukyu Islands, Japan"
ak,10482302,2,"Sunday, May 27, 2012 10:58:16 UTC",59.6371,-153.0002,1.7,82.80,25,"Southern Alaska"
us,b000a0ll,9,"Sunday, May 27, 2012 10:58:03 UTC",-2.9586,100.1322,4.8,34.20,76,"Kepulauan Mentawai region, Indonesia"
ci,15155249,0,"Sunday, May 27, 2012 10:56:23 UTC",36.0220,-118.6918,1.9,12.00,28,"Central California"
hv,60350516,1,"Sunday, May 27, 2012 10:50:01 UTC",19.4055,-155.2782,1.8,1.30,19,"Island of Hawaii, Hawaii"
nc,71792056,1,"Sunday, May 27, 2012 10:42:08 UTC",38.8112,-122.7892,1.6,3.40,38,"Northern California"
ak,10482292,1,"Sunday, May 27, 2012 10:11:33 UTC",63.2762,-150.5246,1.2,127.90,17,"Central Alaska"
us,b000a0kr,5,"Sunday, May 27, 2012 10:10:32 UTC",-10.4093,-75.3634,4.6,41.60,56,"central Peru"
ci,15155233,2,"Sunday, May 27, 2012 10:09:07 UTC",32.1367,-115.7583,2.4,7.80,18,"Baja California, Mexico"
ak,10482282,1,"Sunday, May 27, 2012 09:51:31 UTC",61.0375,-149.5544,2.7,20.60,31,"Southern Alaska"
nc,71792026,0,"Sunday, May 27, 2012 09:40:47 UTC",38.8453,-122.8262,1.0,2.50,23,"Northern California"
nc,71792021,0,"Sunday, May 27, 2012 09:34:46 UTC",36.8843,-121.3415,1.0,5.90,10,"Central California"
us,b000a0ja,6,"Sunday, May 27, 2012 09:27:11 UTC",-40.6288,155.9492,4.7,9.00,86,"southeast of Australia"
ak,10482275,1,"Sunday, May 27, 2012 09:00:30 UTC",61.1699,-146.9452,1.8,3.10, 5,"Southern Alaska"
ci,15155225,0,"Sunday, May 27, 2012 08:37:12 UTC",33.1323,-116.3900,1.7,10.30,54,"Southern California"
pr,12148006,0,"Sunday, May 27, 2012 08:25:40 UTC",18.8332,-65.5840,2.9,80.00, 7,"Puerto Rico region"
pr,12148007,0,"Sunday, May 27, 2012 08:12:12 UTC",18.2271,-68.2092,3.1,96.90,13,"Mona Passage, Dominican Republic"
ci,15155209,0,"Sunday, May 27, 2012 08:04:11 UTC",32.9352,-116.2840,1.5,10.90,48,"Southern California"
us,b000a0hl,A,"Sunday, May 27, 2012 07:49:54 UTC",40.8623,145.1503,4.8,10.40,158,"off the east coast of Honshu, Japan"
pr,12148005,2,"Sunday, May 27, 2012 07:45:00 UTC",18.1130,-64.8679,4.3,4.00,29,"Virgin Islands region"
ak,10482260,2,"Sunday, May 27, 2012 07:40:58 UTC",52.0864,176.8463,3.5,11.70,14,"Rat Islands, Aleutian Islands, Alaska"
us,b000a0hd,9,"Sunday, May 27, 2012 07:40:46 UTC",50.6844,176.1707,4.4,9.90,46,"Rat Islands, Aleutian Islands, Alaska"
ak,10482247,1,"Sunday, May 27, 2012 07:07:07 UTC",61.5005,-151.8711,3.1,0.00,45,"Southern Alaska"
ak,10482240,1,"Sunday, May 27, 2012 06:43:56 UTC",63.2871,-150.4809,1.8,128.50,23,"Central Alaska"
pr,12148004,0,"Sunday, May 27, 2012 06:38:38 UTC",18.1805,-67.3649,2.5,22.00, 5,"Mona Passage, Puerto Rico"
ak,10482233,1,"Sunday, May 27, 2012 06:03:10 UTC",62.9674,-148.1358,1.9,78.90,26,"Central Alaska"
nc,71791976,0,"Sunday, May 27, 2012 05:45:20 UTC",37.6040,-118.7237,1.5,11.90,22,"Central California"
ci,15155177,0,"Sunday, May 27, 2012 05:45:12 UTC",33.0813,-115.5777,1.6,8.90,26,"Southern California"
ak,10482226,2,"Sunday, May 27, 2012 05:37:38 UTC",60.3902,-140.1556,2.1,5.00,20,"Southern Yukon Territory, Canada"
us,b000a0ef,9,"Sunday, May 27, 2012 05:21:35 UTC",-13.6725,-76.1458,4.7,61.60,77,"near the coast of central Peru"
ak,10482221,1,"Sunday, May 27, 2012 05:18:27 UTC",60.4915,-143.8517,1.4,19.70,14,"Southern Alaska"
ak,10482219,1,"Sunday, May 27, 2012 05:13:32 UTC",63.0520,-148.6782,1.4,68.40, 6,"Central Alaska"
nc,71791966,1,"Sunday, May 27, 2012 05:09:05 UTC",38.8212,-122.7917,1.0,3.00,21,"Northern California"
pr,12148003,0,"Sunday, May 27, 2012 05:00:53 UTC",18.3967,-65.8042,3.1,83.90,13,"Puerto Rico"
ci,15155153,2,"Sunday, May 27, 2012 04:47:53 UTC",33.8578,-116.1552,2.7,4.10,108,"Southern California"
nc,71791951,0,"Sunday, May 27, 2012 04:43:54 UTC",38.8287,-122.8068,1.0,0.00,10,"Northern California"
nc,71791946,0,"Sunday, May 27, 2012 04:43:48 UTC",38.8318,-122.8073,1.5,0.30, 8,"Northern California"
us,b000a0cv,8,"Sunday, May 27, 2012 03:50:20 UTC",-2.8098,100.1673,5.3,29.80,108,"Kepulauan Mentawai region, Indonesia"
nc,71791921,3,"Sunday, May 27, 2012 03:41:51 UTC",37.6050,-118.8112,2.2,12.50,50,"Long Valley area, California"
pr,12148002,0,"Sunday, May 27, 2012 03:28:20 UTC",19.1229,-67.4179,2.9,17.80,13,"Puerto Rico region"
nc,71791906,1,"Sunday, May 27, 2012 03:22:09 UTC",38.8315,-122.8063,1.1,2.40,24,"Northern California"
us,b000a0cg,4,"Sunday, May 27, 2012 03:19:49 UTC",72.9485,5.6291,4.3,9.90,20,"Norwegian Sea"
nn,00377497,9,"Sunday, May 27, 2012 02:21:44 UTC",38.4161,-118.7523,1.4,1.50,17,"Nevada"
ak,10482187,1,"Sunday, May 27, 2012 01:54:27 UTC",63.0909,-151.4418,2.0,0.00,14,"Central Alaska"
nc,71791891,2,"Sunday, May 27, 2012 01:50:45 UTC",38.9438,-123.3617,1.3,7.70, 8,"Northern California"
us,b000a0be,4,"Sunday, May 27, 2012 01:49:52 UTC",38.4857,144.8246,4.4,25.90,27,"off the east coast of Honshu, Japan"
pr,12148001,0,"Sunday, May 27, 2012 01:45:13 UTC",18.5970,-64.8700,2.7,2.60, 8,"Virgin Islands region"
uu,05270053,2,"Sunday, May 27, 2012 00:53:32 UTC",44.2338,-110.7540,1.6,2.20, 7,"Yellowstone National Park, Wyoming"
ci,15155097,0,"Sunday, May 27, 2012 00:49:08 UTC",33.3190,-116.4053,2.2,6.40,85,"Southern California"
nc,71791871,1,"Sunday, May 27, 2012 00:36:42 UTC",38.8105,-122.8217,1.4,2.40,26,"Northern California"
ak,10482172,2,"Sunday, May 27, 2012 00:22:32 UTC",64.4981,-151.9335,1.5,0.60,16,"Central Alaska"
ak,10482171,2,"Sunday, May 27, 2012 00:16:09 UTC",53.7654,-165.4560,2.4,105.50,14,"Fox Islands, Aleutian Islands, Alaska"
nc,71791866,0,"Sunday, May 27, 2012 00:13:11 UTC",38.8098,-122.7980,1.1,1.90,17,"Northern California"
pr,12148000,0,"Sunday, May 27, 2012 00:04:19 UTC",19.0090,-65.5279,3.1,6.10,14,"Puerto Rico region"
ak,10482157,3,"Saturday, May 26, 2012 23:32:45 UTC",51.9720,-174.0478,2.2,173.30,10,"Andreanof Islands, Aleutian Islands, Alaska"
nc,71791836,0,"Saturday, May 26, 2012 23:25:54 UTC",37.4903,-118.5542,1.4,13.00,17,"Central California"
nc,71791831,0,"Saturday, May 26, 2012 22:51:14 UTC",38.8245,-122.8058,1.0,0.80,20,"Northern California"
nc,71791826,2,"Saturday, May 26, 2012 22:37:34 UTC",40.2245,-121.3287,2.0,7.90,15,"Northern California"
pr,12147001,0,"Saturday, May 26, 2012 22:34:25 UTC",19.2509,-63.5680,3.4,24.80,16,"Virgin Islands region"
ak,10483230,2,"Saturday, May 26, 2012 22:29:20 UTC",59.8400,-152.6668,1.4,78.60, 9,"Southern Alaska"
ci,15155041,0,"Saturday, May 26, 2012 22:25:55 UTC",33.6848,-116.6822,1.0,19.00,23,"Southern California"
ak,10482145,2,"Saturday, May 26, 2012 22:22:27 UTC",60.5724,-147.6326,1.6,8.60,14,"Southern Alaska"
ak,10482143,2,"Saturday, May 26, 2012 22:19:48 UTC",61.3148,-146.8348,1.4,14.90,14,"Southern Alaska"
ci,15155033,0,"Saturday, May 26, 2012 22:09:52 UTC",34.6300,-117.6353,1.7,13.40,13,"Southern California"
us,b000a07p,G,"Saturday, May 26, 2012 21:48:09 UTC",26.8756,140.2145,6.0,472.60,415,"Bonin Islands, Japan region"
ak,10483227,2,"Saturday, May 26, 2012 21:39:20 UTC",61.2338,-151.7950,1.4,85.30,11,"Southern Alaska"
nc,71791786,2,"Saturday, May 26, 2012 21:09:22 UTC",40.2315,-121.3455,1.2,4.50,10,"Northern California"
ak,10483226,2,"Saturday, May 26, 2012 20:58:04 UTC",67.1513,-143.3209,2.4,12.40, 9,"northern Alaska"
us,b000a065,4,"Saturday, May 26, 2012 20:41:50 UTC",-24.3532,-69.2972,4.5,68.60,38,"Antofagasta, Chile"
ak,10482124,2,"Saturday, May 26, 2012 20:28:50 UTC",62.1414,-145.5160,1.3,21.60, 8,"Central Alaska"
uu,05262024,2,"Saturday, May 26, 2012 20:24:22 UTC",38.0125,-111.0935,2.4,11.20,13,"Utah"
ak,10482123,2,"Saturday, May 26, 2012 20:23:41 UTC",52.0526,-173.0581,2.3,186.80,11,"Andreanof Islands, Aleutian Islands, Alaska"
ak,10483223,2,"Saturday, May 26, 2012 20:20:44 UTC",65.8047,-151.8923,1.1,5.20, 5,"northern Alaska"
nc,71791751,2,"Saturday, May 26, 2012 20:04:58 UTC",40.4018,-122.0965,1.3,14.50,13,"Northern California"
ak,10482115,3,"Saturday, May 26, 2012 20:01:31 UTC",51.5105,-176.9778,1.0,24.20,12,"Andreanof Islands, Aleutian Islands, Alaska"
us,b000a058,6,"Saturday, May 26, 2012 20:00:26 UTC",26.9576,140.3228,5.0,483.50,187,"Bonin Islands, Japan region"
ak,10482114,3,"Saturday, May 26, 2012 19:53:00 UTC",61.8052,-152.0159,1.8,111.70,18,"Southern Alaska"
nc,71791741,3,"Saturday, May 26, 2012 19:50:49 UTC",40.3977,-122.0822,2.5,12.90,32,"Northern California"
ak,10482102,2,"Saturday, May 26, 2012 19:37:04 UTC",61.6567,-149.5068,2.3,32.20,39,"Southern Alaska"
ak,10483219,2,"Saturday, May 26, 2012 19:36:08 UTC",58.1756,-154.1229,1.4,76.20, 8,"Alaska Peninsula"
ci,15154985,0,"Saturday, May 26, 2012 19:34:48 UTC",33.3412,-116.4133,1.6,10.00,15,"Southern California"
ak,10482100,3,"Saturday, May 26, 2012 19:34:31 UTC",59.6495,-151.5545,1.8,52.30,15,"Kenai Peninsula, Alaska"
ci,15154977,0,"Saturday, May 26, 2012 19:29:08 UTC",33.8930,-115.4092,2.1,0.00,39,"Southern California"
nc,71791731,2,"Saturday, May 26, 2012 19:28:53 UTC",36.7582,-121.4332,1.1,8.20,22,"Central California"
ci,15154969,0,"Saturday, May 26, 2012 19:26:53 UTC",34.7710,-117.3610,1.4,16.50,14,"Southern California"
ak,10482092,2,"Saturday, May 26, 2012 19:00:27 UTC",64.9980,-147.3556,1.1,0.00, 7,"Central Alaska"
ak,10482084,3,"Saturday, May 26, 2012 18:26:05 UTC",60.3226,-153.3386,2.1,155.40,16,"Southern Alaska"
ak,10483214,2,"Saturday, May 26, 2012 18:11:41 UTC",52.0798,-174.2578,1.2,66.30, 5,"Andreanof Islands, Aleutian Islands, Alaska"
nc,71791706,2,"Saturday, May 26, 2012 18:06:00 UTC",36.5703,-121.0323,1.0,7.70,12,"Central California"
ak,10482078,2,"Saturday, May 26, 2012 18:02:27 UTC",63.0397,-150.4542,1.6,102.80,19,"Central Alaska"
ak,10482075,3,"Saturday, May 26, 2012 17:37:44 UTC",60.7312,-152.3231,1.7,96.60,20,"Southern Alaska"
nc,71791696,0,"Saturday, May 26, 2012 17:26:59 UTC",38.8295,-122.8063,1.4,0.70,20,"Northern California"
us,b000a01h,6,"Saturday, May 26, 2012 17:18:02 UTC",-4.9384,103.0724,5.0,66.60,116,"southern Sumatra, Indonesia"
us,b000a03r,5,"Saturday, May 26, 2012 17:03:21 UTC",38.3578,-93.6222,2.3,0.10, 0,"Missouri"
ak,10482067,2,"Saturday, May 26, 2012 16:48:51 UTC",62.1500,-145.6073,1.7,19.10,13,"Central Alaska"
ci,15154905,0,"Saturday, May 26, 2012 16:47:03 UTC",32.6753,-115.7178,2.1,0.00,27,"Southern California"
nc,71791681,0,"Saturday, May 26, 2012 16:36:09 UTC",38.7910,-122.7778,1.0,1.60,19,"Northern California"
nc,71791676,0,"Saturday, May 26, 2012 16:35:12 UTC",38.8365,-122.8080,1.1,2.40,23,"Northern California"
ak,10482056,2,"Saturday, May 26, 2012 16:32:09 UTC",64.2638,-148.1518,1.0,18.90,11,"Central Alaska"
ak,10483207,2,"Saturday, May 26, 2012 16:29:31 UTC",65.1309,-152.1856,1.2,12.90, 7,"northern Alaska"
ci,15154897,0,"Saturday, May 26, 2012 16:17:16 UTC",33.5015,-116.4425,1.2,16.30,40,"Southern California"
ak,10482049,2,"Saturday, May 26, 2012 15:50:47 UTC",63.0931,-151.5361,1.7,10.50,13,"Central Alaska"
ak,10482038,2,"Saturday, May 26, 2012 15:10:37 UTC",63.1311,-148.7617,1.0,3.30,10,"Central Alaska"
ci,15154881,0,"Saturday, May 26, 2012 14:53:31 UTC",33.8835,-116.8767,1.0,13.90,32,"Southern California"
ak,10482034,2,"Saturday, May 26, 2012 14:51:08 UTC",60.1487,-150.7391,1.3,32.40,10,"Kenai Peninsula, Alaska"
ak,10482032,2,"Saturday, May 26, 2012 14:49:33 UTC",62.4814,-151.2863,1.5,78.60,18,"Central Alaska"
nc,71791656,0,"Saturday, May 26, 2012 14:46:57 UTC",38.8178,-122.8160,1.6,1.00,23,"Northern California"
ak,10482030,2,"Saturday, May 26, 2012 14:44:24 UTC",62.1518,-145.6258,1.3,21.50, 9,"Central Alaska"
nn,00377476,9,"Saturday, May 26, 2012 14:40:45 UTC",39.1063,-119.6255,1.5,11.00,24,"Nevada"
nc,71791646,0,"Saturday, May 26, 2012 14:39:15 UTC",38.8090,-122.7918,1.2,2.80,21,"Northern California"
ak,10482025,2,"Saturday, May 26, 2012 14:31:28 UTC",63.1602,-146.9918,1.1,5.00,12,"Central Alaska"
ci,15154873,0,"Saturday, May 26, 2012 14:26:34 UTC",36.0665,-117.6450,1.3,2.40,15,"Central California"
hv,60349811,1,"Saturday, May 26, 2012 14:09:14 UTC",19.7617,-155.3923,2.1,27.40,42,"Island of Hawaii, Hawaii"
uu,05261405,2,"Saturday, May 26, 2012 14:05:52 UTC",44.4002,-110.5912,1.0,0.90, 9,"Yellowstone National Park, Wyoming"
hv,60349806,1,"Saturday, May 26, 2012 14:05:02 UTC",19.3643,-155.4470,1.8,9.20,40,"Island of Hawaii, Hawaii"
uw,60406422,1,"Saturday, May 26, 2012 13:59:00 UTC",45.0492,-117.0545,1.7,4.80, 6,"Oregon"
nc,71791636,2,"Saturday, May 26, 2012 13:49:27 UTC",38.8203,-122.9998,1.0,3.30,11,"Northern California"
hv,60349796,1,"Saturday, May 26, 2012 13:47:23 UTC",19.4600,-155.3928,1.8,8.00,47,"Island of Hawaii, Hawaii"
ak,10482020,3,"Saturday, May 26, 2012 13:46:24 UTC",51.5159,-177.6846,1.5,13.20,11,"Andreanof Islands, Aleutian Islands, Alaska"
nc,71791626,1,"Saturday, May 26, 2012 13:41:58 UTC",38.7635,-122.7352,1.8,1.80,31,"Northern California"
ak,10483197,2,"Saturday, May 26, 2012 13:39:14 UTC",65.1315,-151.9288,1.0,14.50, 6,"northern Alaska"
nc,71791611,1,"Saturday, May 26, 2012 13:33:09 UTC",38.8260,-122.8002,1.3,3.20,30,"Northern California"
ak,10483196,2,"Saturday, May 26, 2012 13:03:04 UTC",52.6381,-165.4393,2.5,32.60,14,"south of the Aleutian Islands"
ak,10483195,2,"Saturday, May 26, 2012 12:56:36 UTC",53.4622,-165.8151,1.9,21.50, 9,"Fox Islands, Aleutian Islands, Alaska"
nc,71791601,1,"Saturday, May 26, 2012 12:46:13 UTC",38.8258,-122.8537,1.4,2.60,28,"Northern California"
ci,15154865,0,"Saturday, May 26, 2012 12:44:18 UTC",33.4793,-116.4398,1.2,14.60,47,"Southern California"
nc,71793186,2,"Saturday, May 26, 2012 12:28:19 UTC",37.6453,-119.3740,1.0,7.60,12,"Central California"
ak,10482005,2,"Saturday, May 26, 2012 12:26:53 UTC",68.0575,-153.7505,2.3,7.40,16,"northern Alaska"
ak,10483193,2,"Saturday, May 26, 2012 12:19:23 UTC",61.6986,-146.5477,1.3,19.70,16,"Southern Alaska"
hv,60349761,1,"Saturday, May 26, 2012 12:10:55 UTC",19.1930,-155.6067,3.5,7.00,82,"Island of Hawaii, Hawaii"
nc,71791586,2,"Saturday, May 26, 2012 11:59:07 UTC",36.9353,-121.4050,1.0,8.20,32,"Central California"
ak,10483192,2,"Saturday, May 26, 2012 11:54:35 UTC",61.4633,-149.9415,1.1,35.60,10,"Southern Alaska"
ak,10481998,2,"Saturday, May 26, 2012 11:41:13 UTC",61.9298,-150.7477,1.6,68.00,20,"Southern Alaska"
ak,10483190,2,"Saturday, May 26, 2012 11:33:45 UTC",60.1212,-152.3265,1.4,87.70,10,"Southern Alaska"
ak,10483189,2,"Saturday, May 26, 2012 11:30:34 UTC",62.0469,-147.8427,1.1,36.20,10,"Central Alaska"
nc,71791581,1,"Saturday, May 26, 2012 11:22:28 UTC",38.8102,-122.8167,1.1,3.30,27,"Northern California"
us,b0009zwh,5,"Saturday, May 26, 2012 11:15:46 UTC",16.9914,147.2010,4.8,47.10,88,"Mariana Islands region"
ak,10481992,3,"Saturday, May 26, 2012 11:01:19 UTC",51.4018,-176.7796,3.0,25.40,14,"Andreanof Islands, Aleutian Islands, Alaska"
ak,10481993,2,"Saturday, May 26, 2012 10:59:51 UTC",52.3111,-171.2749,3.2,25.70,15,"Fox Islands, Aleutian Islands, Alaska"
ak,10481987,2,"Saturday, May 26, 2012 10:38:34 UTC",62.2372,-151.7476,1.8,29.40,12,"Central Alaska"
ak,10483184,2,"Saturday, May 26, 2012 10:31:58 UTC",62.2735,-151.6928,1.1,17.40, 6,"Central Alaska"
ak,10481985,2,"Saturday, May 26, 2012 10:30:59 UTC",61.1596,-151.4761,1.5,76.00,13,"Southern Alaska"
ak,10483182,2,"Saturday, May 26, 2012 10:19:14 UTC",51.5497,-177.9417,1.0,56.10, 6,"Andreanof Islands, Aleutian Islands, Alaska"
ci,15154849,2,"Saturday, May 26, 2012 10:13:10 UTC",33.6618,-116.7595,1.7,13.80,39,"Southern California"
nn,00377472,9,"Saturday, May 26, 2012 10:04:00 UTC",38.4887,-118.3322,1.7,10.30,12,"Nevada"
ak,10483181,2,"Saturday, May 26, 2012 09:47:27 UTC",54.9084,-160.4341,1.7,21.80, 6,"Alaska Peninsula"
nc,71791541,2,"Saturday, May 26, 2012 09:31:44 UTC",37.2630,-121.6427,1.1,5.90,17,"Northern California"
ak,10481978,3,"Saturday, May 26, 2012 09:14:54 UTC",59.6023,-136.0724,1.3,8.40, 8,"Southeastern Alaska"
ci,15154833,2,"Saturday, May 26, 2012 09:08:06 UTC",34.0543,-117.2833,1.0,19.70,27,"Greater Los Angeles area, California"
ak,10483177,2,"Saturday, May 26, 2012 08:56:32 UTC",51.5652,-176.0751,1.4,25.40, 7,"Andreanof Islands, Aleutian Islands, Alaska"
us,b0009zu1,E,"Saturday, May 26, 2012 08:52:14 UTC",34.6762,24.6345,4.6,31.20,83,"Crete, Greece"
nc,71791531,2,"Saturday, May 26, 2012 07:51:24 UTC",37.7100,-122.0292,1.3,3.60,20,"San Francisco Bay area, California"
ak,10483174,2,"Saturday, May 26, 2012 07:46:49 UTC",63.5809,-149.4400,1.2,101.80,13,"Central Alaska"
ci,15154809,4,"Saturday, May 26, 2012 07:36:35 UTC",36.1522,-117.9275,1.5,3.60,40,"Central California"
ak,10483172,2,"Saturday, May 26, 2012 07:22:33 UTC",60.9802,-150.7867,1.0,10.00, 9,"Kenai Peninsula, Alaska"
ci,15154801,2,"Saturday, May 26, 2012 07:06:53 UTC",33.3547,-116.3213,1.9,12.70,108,"Southern California"
nm,052612a,A,"Saturday, May 26, 2012 06:25:58 UTC",36.4884,-89.5573,1.6,8.90,13,"southeastern Missouri"
nc,71791521,0,"Saturday, May 26, 2012 06:23:11 UTC",38.8170,-122.8165,1.1,2.50,19,"Northern California"
ak,10483171,2,"Saturday, May 26, 2012 06:14:34 UTC",61.6272,-149.8164,1.2,51.70, 7,"Southern Alaska"
ak,10483170,2,"Saturday, May 26, 2012 06:10:21 UTC",51.6375,-177.1672,1.1,71.30, 6,"Andreanof Islands, Aleutian Islands, Alaska"
ci,15154793,2,"Saturday, May 26, 2012 06:09:46 UTC",34.0488,-116.7493,1.7,5.20,53,"Southern California"
ak,10483169,2,"Saturday, May 26, 2012 06:00:56 UTC",51.7939,-173.1170,1.5,29.40, 6,"Andreanof Islands, Aleutian Islands, Alaska"
ak,10483168,2,"Saturday, May 26, 2012 05:59:34 UTC",59.9252,-150.8986,1.3,47.10,11,"Kenai Peninsula, Alaska"
us,b0009zsb,4,"Saturday, May 26, 2012 05:58:26 UTC",31.8215,-94.3290,2.5,5.10,20,"eastern Texas"
ci,15154785,3,"Saturday, May 26, 2012 05:36:36 UTC",33.1453,-115.7060,1.6,0.40,18,"Southern California"
ak,10481958,2,"Saturday, May 26, 2012 05:28:42 UTC",62.8762,-150.9385,1.6,102.50,22,"Central Alaska"
ak,10481955,2,"Saturday, May 26, 2012 05:19:13 UTC",60.0343,-152.6842,2.1,85.60,28,"Southern Alaska"
nc,71791496,0,"Saturday, May 26, 2012 05:14:25 UTC",38.8205,-122.7813,1.2,1.90,18,"Northern California"
ak,10483164,2,"Saturday, May 26, 2012 04:25:54 UTC",60.0528,-151.3444,1.6,50.40,12,"Kenai Peninsula, Alaska"
se,052912c,A,"Saturday, May 26, 2012 04:22:15 UTC",35.3048,-84.3063,1.8,8.00,11,"eastern Tennessee"
ak,10481950,2,"Saturday, May 26, 2012 04:18:33 UTC",60.4838,-147.5437,1.6,15.40,15,"Southern Alaska"
us,b0009zqr,4,"Saturday, May 26, 2012 03:59:45 UTC",35.9421,70.7255,4.4,116.50,43,"Hindu Kush region, Afghanistan"
us,b0009zql,6,"Saturday, May 26, 2012 03:27:04 UTC",85.9244,32.6168,5.0,10.00,273,"north of Svalbard"
us,b0009zqj,5,"Saturday, May 26, 2012 03:25:20 UTC",85.8330,30.0672,4.6,9.90,49,"north of Svalbard"
ci,15154769,2,"Saturday, May 26, 2012 03:15:36 UTC",33.9950,-116.7693,1.2,15.20,58,"Southern California"
ak,10483162,2,"Saturday, May 26, 2012 03:15:25 UTC",63.1247,-148.7283,1.0,5.00,11,"Central Alaska"
ak,10481938,2,"Saturday, May 26, 2012 02:57:17 UTC",62.8899,-150.5316,1.1,85.10,11,"Central Alaska"
ak,10481937,2,"Saturday, May 26, 2012 02:54:21 UTC",60.6951,-151.8753,1.5,83.40,15,"Kenai Peninsula, Alaska"
ak,10481933,2,"Saturday, May 26, 2012 02:51:43 UTC",62.3885,-149.7469,1.2,13.20,13,"Central Alaska"
ak,10481934,2,"Saturday, May 26, 2012 02:48:53 UTC",61.5805,-154.1492,1.4,21.90, 7,"Southern Alaska"
ci,15154761,2,"Saturday, May 26, 2012 02:31:37 UTC",33.7123,-116.7100,1.4,18.30,25,"Southern California"
ak,10483157,2,"Saturday, May 26, 2012 02:29:17 UTC",51.4449,-176.1191,1.5,21.70,10,"Andreanof Islands, Aleutian Islands, Alaska"
ak,10483156,2,"Saturday, May 26, 2012 01:50:57 UTC",51.3612,-176.7124,1.0,25.60, 8,"Andreanof Islands, Aleutian Islands, Alaska"
ak,10481924,3,"Saturday, May 26, 2012 01:38:17 UTC",60.1830,-153.0533,2.2,127.00,38,"Southern Alaska"
ak,10483154,2,"Saturday, May 26, 2012 01:24:33 UTC",51.7389,-178.3337,1.4,11.80, 9,"Andreanof Islands, Aleutian Islands, Alaska"
nc,71791446,1,"Saturday, May 26, 2012 01:23:10 UTC",38.7997,-122.7765,1.4,0.80,23,"Northern California"
us,b0009zp0,4,"Saturday, May 26, 2012 01:19:28 UTC",13.5986,-92.0472,4.8,64.80,264,"offshore Guatemala"
hv,60349481,1,"Saturday, May 26, 2012 01:02:44 UTC",19.2852,-155.1548,1.9,36.90,20,"Island of Hawaii, Hawaii"
ak,10483153,2,"Saturday, May 26, 2012 01:00:58 UTC",53.6005,-164.5725,2.3,32.50,11,"Unimak Island region, Alaska"
us,b0009znj,7,"Saturday, May 26, 2012 00:51:25 UTC",-20.8561,168.6434,5.1,10.10,118,"Loyalty Islands, New Caledonia"
ci,15154737,4,"Saturday, May 26, 2012 00:29:27 UTC",34.2718,-118.4797,1.6,13.00,28,"Greater Los Angeles area, California"
ak,10483152,2,"Saturday, May 26, 2012 00:20:35 UTC",51.5098,179.5499,2.3,24.40, 7,"Rat Islands, Aleutian Islands, Alaska"
ak,10483151,2,"Saturday, May 26, 2012 00:16:15 UTC",61.6643,-149.8297,1.0,43.40, 8,"Southern Alaska"
ci,15154721,2,"Friday, May 25, 2012 23:55:11 UTC",32.4155,-115.4595,1.3,10.10,16,"Baja California, Mexico"
ak,10483484,2,"Friday, May 25, 2012 23:53:50 UTC",62.5186,-151.1061,1.0,85.40, 6,"Central Alaska"
nc,71791411,1,"Friday, May 25, 2012 23:53:34 UTC",38.7965,-122.7648,1.5,0.00,25,"Northern California"
pr,12146012,0,"Friday, May 25, 2012 23:49:30 UTC",17.1569,-67.7959,2.9,30.00,10,"Puerto Rico region"
ak,10481802,3,"Friday, May 25, 2012 23:36:14 UTC",51.2997,-178.2748,2.1,28.30,13,"Andreanof Islands, Aleutian Islands, Alaska"
ci,15154713,2,"Friday, May 25, 2012 23:32:11 UTC",33.4718,-116.4540,1.1,7.90,28,"Southern California"
ak,10481794,2,"Friday, May 25, 2012 23:21:11 UTC",63.3758,-150.6020,2.0,16.80,30,"Central Alaska"
uw,60406207,1,"Friday, May 25, 2012 23:09:17 UTC",46.1527,-122.9932,1.2,39.70,13,"Washington"
ak,10481776,2,"Friday, May 25, 2012 23:06:42 UTC",61.2549,-147.7542,2.1,13.60,41,"Southern Alaska"
ak,10481769,2,"Friday, May 25, 2012 23:01:37 UTC",61.6545,-149.8415,1.5,38.60,21,"Southern Alaska"
ak,10483477,2,"Friday, May 25, 2012 22:53:10 UTC",63.0253,-150.7076,1.1,106.00, 9,"Central Alaska"
ci,15154697,2,"Friday, May 25, 2012 22:15:27 UTC",33.5090,-116.4502,1.3,7.80,61,"Southern California"
nc,71791376,4,"Friday, May 25, 2012 21:39:29 UTC",39.7988,-123.4707,1.7,9.90,15,"Northern California"
ak,10481746,3,"Friday, May 25, 2012 21:39:12 UTC",61.7471,-152.0162,1.6,102.90,15,"Southern Alaska"
us,b0009zjb,7,"Friday, May 25, 2012 21:24:19 UTC",50.6002,179.2172,4.0,30.40,45,"Rat Islands, Aleutian Islands, Alaska"
nn,00377457,9,"Friday, May 25, 2012 21:23:34 UTC",36.6961,-116.3156,1.4,10.10,16,"Nevada"
ak,10483472,2,"Friday, May 25, 2012 21:09:28 UTC",51.6199,-178.7486,1.5,64.90, 7,"Andreanof Islands, Aleutian Islands, Alaska"
pr,12146011,0,"Friday, May 25, 2012 20:59:40 UTC",19.2430,-64.5999,3.0,9.00, 4,"Virgin Islands region"
nc,71791356,5,"Friday, May 25, 2012 20:35:15 UTC",37.9040,-122.0503,1.9,10.60,66,"San Francisco Bay area, California"
ak,10481725,2,"Friday, May 25, 2012 20:35:07 UTC",61.3755,-140.2423,1.3,11.30,16,"Southern Yukon Territory, Canada"
ci,15154673,2,"Friday, May 25, 2012 20:26:30 UTC",34.2082,-117.5952,1.6,6.00,17,"Greater Los Angeles area, California"
nc,71791346,0,"Friday, May 25, 2012 19:47:34 UTC",38.8238,-122.7963,1.0,3.20,16,"Northern California"
ak,10481702,2,"Friday, May 25, 2012 19:42:09 UTC",63.3323,-149.2893,1.1,6.80,17,"Central Alaska"
ci,15154649,2,"Friday, May 25, 2012 19:04:49 UTC",33.4903,-116.4307,1.4,9.70,50,"Southern California"
nc,71791336,0,"Friday, May 25, 2012 18:50:23 UTC",38.8220,-122.7862,1.0,2.10,14,"Northern California"
ak,10481688,2,"Friday, May 25, 2012 18:49:17 UTC",53.3945,-166.0447,3.4,37.40,23,"Fox Islands, Aleutian Islands, Alaska"
ak,10481684,3,"Friday, May 25, 2012 18:39:16 UTC",51.6412,-176.8182,2.7,62.60,14,"Andreanof Islands, Aleutian Islands, Alaska"
us,b0009zc1,5,"Friday, May 25, 2012 18:36:15 UTC",39.0657,144.2688,4.6,31.80,38,"off the east coast of Honshu, Japan"
nc,71791331,3,"Friday, May 25, 2012 18:21:56 UTC",38.8042,-122.8013,1.3,3.00,44,"Northern California"
ci,15154633,2,"Friday, May 25, 2012 18:04:25 UTC",31.5443,-115.5880,2.9,5.80,19,"Baja California, Mexico"
ak,10481670,2,"Friday, May 25, 2012 18:01:06 UTC",59.9972,-141.1371,1.0,4.40,15,"Southeastern Alaska"
ak,10483462,2,"Friday, May 25, 2012 17:50:37 UTC",54.4663,-161.6500,2.1,14.80, 6,"Alaska Peninsula"
ci,15154625,2,"Friday, May 25, 2012 17:50:33 UTC",34.1220,-117.4403,1.2,5.30,19,"Greater Los Angeles area, California"
ci,15154601,2,"Friday, May 25, 2012 17:39:18 UTC",33.6328,-116.6800,1.0,10.10,35,"Southern California"
nc,71791321,2,"Friday, May 25, 2012 17:32:48 UTC",40.4443,-123.8192,1.5,21.90,13,"Northern California"
uw,60406092,3,"Friday, May 25, 2012 17:30:10 UTC",47.3388,-123.5260,1.2,6.40,31,"Olympic Peninsula, Washington"
ak,10481654,2,"Friday, May 25, 2012 17:10:51 UTC",62.3691,-151.1946,1.4,83.30,19,"Central Alaska"
ak,10481648,2,"Friday, May 25, 2012 16:53:16 UTC",60.0210,-141.9127,1.0,7.20,21,"Southern Alaska"
ak,10481638,2,"Friday, May 25, 2012 16:27:15 UTC",63.0362,-148.6859,1.3,73.80,22,"Central Alaska"
ak,10481639,2,"Friday, May 25, 2012 16:25:57 UTC",54.4733,-161.6432,2.4,17.20, 8,"Alaska Peninsula"
ci,15154545,2,"Friday, May 25, 2012 16:19:56 UTC",36.0240,-117.7673,1.4,1.40,15,"Central California"
pr,12146009,0,"Friday, May 25, 2012 16:06:17 UTC",19.0230,-65.2559,3.1,5.00, 6,"Puerto Rico region"
ci,15154529,2,"Friday, May 25, 2012 15:56:15 UTC",36.0242,-117.7643,1.4,1.40,20,"Central California"
ci,15154537,2,"Friday, May 25, 2012 15:53:29 UTC",36.0252,-117.7612,1.6,1.20,14,"Central California"
ci,15154521,2,"Friday, May 25, 2012 15:41:21 UTC",34.3408,-116.8795,1.6,0.00,25,"Southern California"
ak,10481618,2,"Friday, May 25, 2012 15:19:16 UTC",60.6305,-146.0601,2.5,15.60,56,"Southern Alaska"
nc,71791256,3,"Friday, May 25, 2012 15:06:33 UTC",38.8023,-122.8017,2.2,3.20,63,"Northern California"
ci,15154505,2,"Friday, May 25, 2012 15:03:02 UTC",33.9833,-116.7177,1.1,19.80,37,"Southern California"
nc,71791251,2,"Friday, May 25, 2012 14:54:55 UTC",37.5363,-118.8493,1.4,0.70,28,"Central California"
ak,10481603,2,"Friday, May 25, 2012 14:54:00 UTC",61.1938,-146.4319,1.8,10.50,29,"Southern Alaska"
ci,15154489,2,"Friday, May 25, 2012 14:51:40 UTC",36.0225,-117.7653,1.4,1.50,22,"Central California"
ak,10483452,2,"Friday, May 25, 2012 14:27:58 UTC",62.2797,-151.9999,1.2,104.00, 9,"Central Alaska"
ak,10481598,2,"Friday, May 25, 2012 14:26:56 UTC",55.6424,-157.4657,2.1,12.80, 8,"Alaska Peninsula"
hv,60349351,1,"Friday, May 25, 2012 14:23:42 UTC",19.1975,-155.3557,2.5,50.60,53,"Island of Hawaii, Hawaii"
ci,15154481,9,"Friday, May 25, 2012 14:15:22 UTC",33.4735,-116.5643,1.0,12.00,58,"Southern California"
ak,10483450,2,"Friday, May 25, 2012 14:08:45 UTC",57.5791,-156.0508,1.7,90.50,10,"Alaska Peninsula"
nn,00377442,9,"Friday, May 25, 2012 13:48:04 UTC",38.4244,-118.4677,1.0,7.00,10,"Nevada"
ak,10481580,2,"Friday, May 25, 2012 13:44:47 UTC",59.0011,-152.9022,2.3,67.80,41,"Southern Alaska"
ak,10483448,2,"Friday, May 25, 2012 13:41:15 UTC",61.0884,-138.7969,1.0,10.60, 7,"Southern Yukon Territory, Canada"
ak,10481575,2,"Friday, May 25, 2012 13:27:53 UTC",62.9514,-150.8055,1.5,101.80,21,"Central Alaska"
uu,05251314,2,"Friday, May 25, 2012 13:14:19 UTC",44.3665,-110.8363,1.5,1.60,12,"Yellowstone National Park, Wyoming"
us,b0009z17,9,"Friday, May 25, 2012 13:14:04 UTC",44.8600,11.1421,4.2,10.00,31,"northern Italy"
ci,15154473,0,"Friday, May 25, 2012 13:12:49 UTC",34.2253,-118.4880,2.1,15.30,20,"Greater Los Angeles area, California"
ci,15154465,0,"Friday, May 25, 2012 13:12:13 UTC",33.6773,-116.7473,1.4,19.00,69,"Southern California"
nc,71791241,4,"Friday, May 25, 2012 13:05:59 UTC",35.7133,-121.0815,1.2,7.20,19,"Central California"
ak,10481564,2,"Friday, May 25, 2012 13:01:54 UTC",59.3412,-136.4746,2.0,7.60, 9,"Southeastern Alaska"
nc,71791236,0,"Friday, May 25, 2012 12:58:32 UTC",38.7792,-122.7840,1.2,1.70,22,"Northern California"
ak,10481556,2,"Friday, May 25, 2012 12:54:36 UTC",60.0090,-141.6218,1.5,7.20,25,"Southern Alaska"
us,b0009z0z,6,"Friday, May 25, 2012 12:53:09 UTC",73.1139,5.3725,4.5,10.00,88,"Greenland Sea"
nc,71791221,2,"Friday, May 25, 2012 12:52:05 UTC",38.8337,-122.7792,1.2,1.30,47,"Northern California"
ak,10483442,2,"Friday, May 25, 2012 12:37:48 UTC",52.3414,-171.6987,2.4,25.60, 9,"Fox Islands, Aleutian Islands, Alaska"
us,b0009yzx,5,"Friday, May 25, 2012 12:10:20 UTC",-30.6496,-176.5544,4.8,37.40,21,"Kermadec Islands region"
nc,71791206,0,"Friday, May 25, 2012 12:01:03 UTC",38.7857,-122.7290,1.0,2.60,17,"Northern California"
us,b0009yz4,6,"Friday, May 25, 2012 11:22:43 UTC",38.2262,38.6209,4.3,11.70,36,"eastern Turkey"
ak,10483441,2,"Friday, May 25, 2012 11:21:41 UTC",59.8267,-153.3342,1.8,136.30,23,"Southern Alaska"
ak,10481549,2,"Friday, May 25, 2012 11:08:04 UTC",65.0913,-150.0819,1.0,2.10,15,"northern Alaska"
ak,10483439,2,"Friday, May 25, 2012 10:53:22 UTC",59.8898,-151.7261,1.8,54.40,18,"Kenai Peninsula, Alaska"
nc,71791186,2,"Friday, May 25, 2012 10:20:49 UTC",37.4765,-121.8010,1.1,7.60,24,"San Francisco Bay area, California"
ak,10481545,3,"Friday, May 25, 2012 09:58:43 UTC",50.2229,-176.0647,3.4,25.50,14,"Andreanof Islands, Aleutian Islands, Alaska"
ak,10481534,2,"Friday, May 25, 2012 09:42:25 UTC",64.7661,-151.7257,2.6,13.90,31,"Central Alaska"
nn,00377438,9,"Friday, May 25, 2012 09:34:54 UTC",37.7611,-115.0697,2.4,0.00, 2,"Nevada"
ak,10481532,2,"Friday, May 25, 2012 09:28:06 UTC",61.2196,-147.3118,1.3,0.00, 6,"Southern Alaska"
pr,12146008,0,"Friday, May 25, 2012 09:23:32 UTC",19.4526,-68.5300,3.1,90.50, 5,"Dominican Republic region"
nm,052512a,A,"Friday, May 25, 2012 09:13:23 UTC",36.5346,-89.6337,1.9,13.70,34,"southeastern Missouri"
pr,12146007,0,"Friday, May 25, 2012 09:02:42 UTC",19.7310,-68.5240,3.8,55.00,15,"Dominican Republic region"
ci,15154441,0,"Friday, May 25, 2012 09:01:45 UTC",34.0348,-118.9095,2.4,7.10,49,"Channel Islands region, California"
ak,10481526,2,"Friday, May 25, 2012 08:39:42 UTC",63.5396,-147.4183,1.1,1.60,17,"Central Alaska"
ak,10481524,2,"Friday, May 25, 2012 08:30:03 UTC",62.8220,-143.3133,1.2,1.60, 8,"Central Alaska"
nn,00377437,9,"Friday, May 25, 2012 08:15:21 UTC",38.4955,-118.3590,1.0,0.00, 5,"Nevada"
ak,10481517,2,"Friday, May 25, 2012 08:13:17 UTC",61.0212,-146.6014,1.8,10.00,35,"Southern Alaska"
ak,10481514,2,"Friday, May 25, 2012 07:52:02 UTC",60.0753,-141.3673,1.1,0.00, 5,"Southern Alaska"
ak,10481511,3,"Friday, May 25, 2012 07:45:16 UTC",63.1690,-150.6337,1.1,116.60,15,"Central Alaska"
nc,71791146,0,"Friday, May 25, 2012 07:42:39 UTC",38.8367,-122.8062,1.1,2.30,23,"Northern California"
nc,71791141,5,"Friday, May 25, 2012 07:42:07 UTC",38.8327,-122.8023,2.0,2.30,65,"Northern California"
ak,10481502,2,"Friday, May 25, 2012 07:36:59 UTC",61.8351,-150.6299,1.9,63.90,30,"Southern Alaska"
us,b0009ytx,B,"Friday, May 25, 2012 07:26:24 UTC",50.3954,-129.8289,4.1,10.10,138,"Vancouver Island, Canada region"
ak,10481500,2,"Friday, May 25, 2012 07:21:06 UTC",63.5428,-151.0559,1.1,6.90,15,"Central Alaska"
pr,12145005,0,"Friday, May 25, 2012 07:17:26 UTC",19.0629,-65.2190,3.0,12.60, 6,"Puerto Rico region"
ak,10481499,3,"Friday, May 25, 2012 07:13:11 UTC",51.7479,-172.8717,2.2,27.30,10,"Andreanof Islands, Aleutian Islands, Alaska"
ci,15154433,0,"Friday, May 25, 2012 06:58:10 UTC",32.5747,-115.7112,2.5,13.60,42,"Baja California, Mexico"
ak,10481495,2,"Friday, May 25, 2012 06:58:08 UTC",67.5727,-149.0327,1.8,0.20,14,"northern Alaska"
ak,10483424,2,"Friday, May 25, 2012 06:57:30 UTC",53.1116,-166.8123,2.3,25.40,14,"Fox Islands, Aleutian Islands, Alaska"
us,b0009ysw,7,"Friday, May 25, 2012 06:23:29 UTC",52.3181,-171.9759,4.4,85.30,151,"Fox Islands, Aleutian Islands, Alaska"
ak,10481480,2,"Friday, May 25, 2012 05:55:38 UTC",63.2569,-151.3722,1.6,9.60,21,"Central Alaska"
ak,10481472,2,"Friday, May 25, 2012 05:09:32 UTC",60.1884,-152.6431,2.6,107.20,40,"Southern Alaska"
ak,10481465,2,"Friday, May 25, 2012 04:53:59 UTC",59.8402,-153.4199,2.1,135.80,34,"Southern Alaska"
ci,15154409,0,"Friday, May 25, 2012 04:39:44 UTC",35.6550,-117.4562,1.7,6.20,29,"Southern California"
us,b0009ys7,8,"Friday, May 25, 2012 04:36:06 UTC",-22.4354,-173.9733,4.6,23.90,36,"Tonga region"
pr,12146004,0,"Friday, May 25, 2012 04:33:24 UTC",19.1130,-65.1679,3.2,21.70, 7,"Puerto Rico region"
pr,12146001,0,"Friday, May 25, 2012 04:24:57 UTC",19.1480,-65.1790,3.2,29.00, 5,"Puerto Rico region"
us,b0009yr1,5,"Friday, May 25, 2012 04:01:36 UTC",72.9196,5.3912,5.0,10.40,193,"Norwegian Sea"
us,b0009yr3,5,"Friday, May 25, 2012 03:59:29 UTC",37.6617,141.5654,4.8,55.30,77,"near the east coast of Honshu, Japan"
nc,71791076,1,"Friday, May 25, 2012 03:43:35 UTC",38.8155,-122.7827,1.2,2.20,25,"Northern California"
nc,71791071,2,"Friday, May 25, 2012 03:38:59 UTC",36.6268,-121.1702,1.4,8.00,27,"Central California"
nc,71791061,0,"Friday, May 25, 2012 03:35:00 UTC",38.8385,-122.8058,1.2,1.60,11,"Northern California"
pr,12146002,0,"Friday, May 25, 2012 03:33:53 UTC",19.1119,-65.1600,2.9,22.80, 6,"Puerto Rico region"
nc,71791056,1,"Friday, May 25, 2012 03:29:56 UTC",38.8235,-122.8017,1.1,3.50,26,"Northern California"
pr,12146000,0,"Friday, May 25, 2012 03:26:36 UTC",19.0830,-65.1320,3.0,15.50, 8,"Virgin Islands region"
ci,15154393,0,"Friday, May 25, 2012 03:15:09 UTC",32.9108,-116.3487,1.5,9.00,58,"Southern California"
nc,71791046,3,"Friday, May 25, 2012 03:01:48 UTC",36.6295,-121.1683,1.6,9.50,42,"Central California"
ak,10481442,2,"Friday, May 25, 2012 02:47:18 UTC",63.1344,-151.5234,1.1,10.50,10,"Central Alaska"
us,b0009yq6,7,"Friday, May 25, 2012 02:44:49 UTC",-43.4941,172.9643,4.7,8.80,32,"South Island of New Zealand"
ak,10483414,2,"Friday, May 25, 2012 02:44:23 UTC",61.5551,-149.9436,1.4,46.70,17,"Southern Alaska"
ak,10483413,2,"Friday, May 25, 2012 02:43:16 UTC",58.2372,-155.8883,1.9,151.50,12,"Alaska Peninsula"
uu,05250235,2,"Friday, May 25, 2012 02:35:33 UTC",39.4325,-111.2068,1.6,5.60,11,"Utah"
ak,10481434,2,"Friday, May 25, 2012 02:29:53 UTC",61.0550,-151.4251,1.5,72.40,17,"Southern Alaska"
ak,10481422,2,"Friday, May 25, 2012 01:49:45 UTC",64.0017,-149.5273,1.4,5.90,19,"Central Alaska"
nc,71791006,3,"Friday, May 25, 2012 01:32:05 UTC",38.8402,-122.8380,1.3,2.50,49,"Northern California"
nc,71791001,3,"Friday, May 25, 2012 01:30:25 UTC",38.8418,-122.8378,1.7,2.40,55,"Northern California"
nc,71790991,3,"Friday, May 25, 2012 01:20:38 UTC",38.8223,-122.7962,1.3,3.10,48,"Northern California"
uw,60405857,3,"Friday, May 25, 2012 01:17:59 UTC",45.9037,-122.6330,1.4,17.20,40,"Washington"
ak,10481406,2,"Friday, May 25, 2012 00:49:14 UTC",60.3541,-146.8269,1.5,2.10,25,"Southern Alaska"
ci,15154377,0,"Friday, May 25, 2012 00:47:21 UTC",36.0080,-117.7975,1.6,1.20,20,"Central California"
ak,10481396,2,"Friday, May 25, 2012 00:35:34 UTC",63.6205,-150.6515,1.0,14.70,13,"Central Alaska"
ak,10481393,2,"Friday, May 25, 2012 00:33:57 UTC",54.4405,-164.5551,2.0,8.50,12,"Unimak Island region, Alaska"
ak,10481384,2,"Friday, May 25, 2012 00:27:11 UTC",63.9390,-148.9302,1.9,0.00,17,"Central Alaska"
us,b0009ype,6,"Friday, May 25, 2012 00:25:56 UTC",72.9520,5.4818,5.0,10.30,308,"Norwegian Sea"
ak,10481381,2,"Friday, May 25, 2012 00:20:06 UTC",61.5054,-151.1719,1.4,4.30,21,"Southern Alaska"
ci,15154369,0,"Friday, May 25, 2012 00:16:10 UTC",33.4235,-116.6202,1.0,5.80,33,"Southern California"
ak,10481215,2,"Friday, May 25, 2012 00:09:27 UTC",63.2831,-150.7753,1.2,124.40,12,"Central Alaska"
ak,10481207,2,"Friday, May 25, 2012 00:02:20 UTC",61.5818,-151.2055,2.0,6.90,26,"Southern Alaska"
uw,60405827,2,"Thursday, May 24, 2012 23:52:15 UTC",47.7593,-120.0368,1.9,3.10, 7,"Washington"
hv,60349161,1,"Thursday, May 24, 2012 23:50:45 UTC",19.4038,-155.2850,2.0,1.10,15,"Island of Hawaii, Hawaii"
us,b0009yne,7,"Thursday, May 24, 2012 23:46:17 UTC",72.9363,5.4335,4.7,9.70,142,"Norwegian Sea"
uu,05242334,2,"Thursday, May 24, 2012 23:34:38 UTC",38.2215,-112.3262,2.0,2.00,16,"Utah"
nc,71790956,2,"Thursday, May 24, 2012 23:17:10 UTC",37.5077,-118.7010,1.2,17.20,18,"Central California"
ak,10481182,1,"Thursday, May 24, 2012 23:09:41 UTC",64.9969,-147.3290,1.5,0.00, 6,"Central Alaska"
ak,10481392,1,"Thursday, May 24, 2012 22:55:50 UTC",60.9946,-142.3332,1.8,39.10, 4,"Southern Alaska"
us,b0009ym3,8,"Thursday, May 24, 2012 22:47:46 UTC",72.9936,5.6513,6.2,8.80,495,"Norwegian Sea"
ak,10481151,1,"Thursday, May 24, 2012 22:44:14 UTC",60.7139,-150.5991,2.5,161.10,10,"Kenai Peninsula, Alaska"
nc,71790946,2,"Thursday, May 24, 2012 22:30:17 UTC",37.4195,-118.4973,1.5,13.00,22,"Central California"
nc,71790936,1,"Thursday, May 24, 2012 21:33:26 UTC",38.8235,-122.8017,1.0,3.50,25,"Northern California"
ak,10481101,1,"Thursday, May 24, 2012 21:16:25 UTC",62.7497,-150.5588,1.2,18.40, 7,"Central Alaska"
uw,60405772,1,"Thursday, May 24, 2012 21:15:26 UTC",49.4505,-120.5030,2.2,0.00,11,"British Columbia, Canada"
nc,71790926,2,"Thursday, May 24, 2012 21:03:46 UTC",36.7730,-121.3200,1.0,5.70,21,"Central California"
nn,00377413,9,"Thursday, May 24, 2012 21:02:57 UTC",40.2425,-118.1564,1.7,0.00, 5,"Nevada"
hv,60349116,1,"Thursday, May 24, 2012 20:25:23 UTC",19.4135,-155.4032,2.0,8.60,46,"Island of Hawaii, Hawaii"
us,b0009yb6,6,"Thursday, May 24, 2012 19:39:28 UTC",14.4300,93.3092,4.9,46.30,100,"Andaman Islands, India region"
us,b0009ya3,6,"Thursday, May 24, 2012 19:18:55 UTC",-36.9453,-70.6212,5.1,151.00,326,"Neuquen, Argentina"
hv,60349096,1,"Thursday, May 24, 2012 19:11:02 UTC",19.1592,-155.6183,2.1,0.40,27,"Island of Hawaii, Hawaii"
ci,15154305,2,"Thursday, May 24, 2012 18:47:45 UTC",35.1673,-118.4172,1.1,9.90,23,"Central California"
nc,71790881,2,"Thursday, May 24, 2012 18:29:00 UTC",37.3260,-122.1075,1.5,0.00,16,"San Francisco Bay area, California"
ak,10480998,1,"Thursday, May 24, 2012 18:06:17 UTC",63.0054,-149.2756,2.5,68.90,48,"Central Alaska"
ak,10480996,2,"Thursday, May 24, 2012 18:04:39 UTC",62.5382,-142.8950,1.7,0.40,13,"Central Alaska"
nc,71790876,2,"Thursday, May 24, 2012 18:03:57 UTC",36.7542,-121.6093,1.0,0.00,11,"Central California"
hv,60349081,1,"Thursday, May 24, 2012 18:01:03 UTC",19.4077,-155.0123,1.8,5.40,14,"Island of Hawaii, Hawaii"
ak,10480989,1,"Thursday, May 24, 2012 17:57:40 UTC",62.8394,-143.3176,1.5,0.20, 6,"Central Alaska"
nc,71790871,2,"Thursday, May 24, 2012 17:56:33 UTC",38.8342,-122.8062,1.5,0.70,44,"Northern California"
ci,15154297,3,"Thursday, May 24, 2012 17:44:30 UTC",34.4930,-116.2720,1.2,2.60,28,"Southern California"
uu,00010156,1,"Thursday, May 24, 2012 17:43:11 UTC",38.2540,-108.8221,1.5,0.40, 8,"Colorado"
ak,10480976,1,"Thursday, May 24, 2012 17:25:19 UTC",61.3551,-146.8252,1.8,21.00,19,"Southern Alaska"
ak,10480952,1,"Thursday, May 24, 2012 16:33:05 UTC",59.4336,-153.7413,2.6,137.60,25,"Southern Alaska"
ci,15154281,2,"Thursday, May 24, 2012 16:07:57 UTC",34.0020,-117.5917,1.4,4.30,48,"Greater Los Angeles area, California"
ak,10480939,1,"Thursday, May 24, 2012 16:05:00 UTC",64.6100,-150.3104,1.2,0.20, 9,"Central Alaska"
ak,10480927,2,"Thursday, May 24, 2012 15:43:27 UTC",62.0600,-150.3520,1.0,12.40,15,"Central Alaska"
nc,71790836,4,"Thursday, May 24, 2012 15:37:42 UTC",41.1935,-122.1278,1.2,3.70, 9,"Northern California"
uw,60405617,1,"Thursday, May 24, 2012 15:33:49 UTC",42.2568,-122.5592,1.0,8.40, 9,"Oregon"
us,b0009xyu,A,"Thursday, May 24, 2012 15:33:49 UTC",-27.4703,-71.0099,4.7,25.90,93,"offshore Atacama, Chile"
ci,15154265,3,"Thursday, May 24, 2012 15:29:29 UTC",34.6277,-117.1070,1.3,0.00, 9,"Southern California"
ak,10480924,1,"Thursday, May 24, 2012 15:29:12 UTC",60.0969,-151.6108,1.7,0.60,12,"Kenai Peninsula, Alaska"
ak,10480917,1,"Thursday, May 24, 2012 14:41:16 UTC",63.0931,-151.5223,1.1,5.30, 6,"Central Alaska"
nc,71790806,3,"Thursday, May 24, 2012 14:11:38 UTC",36.9637,-121.6072,1.5,5.30,47,"Northern California"
ci,15154257,2,"Thursday, May 24, 2012 13:53:40 UTC",35.8655,-117.7453,1.3,8.40,44,"Central California"
ak,10480908,1,"Thursday, May 24, 2012 13:43:08 UTC",60.4406,-151.5286,1.9,5.20,16,"Kenai Peninsula, Alaska"
ak,10480907,2,"Thursday, May 24, 2012 13:37:24 UTC",52.7643,-168.1732,3.4,26.00,15,"Fox Islands, Aleutian Islands, Alaska"
ci,15154249,2,"Thursday, May 24, 2012 13:17:12 UTC",32.6153,-115.7005,1.1,6.00,10,"Baja California, Mexico"
ak,10480902,1,"Thursday, May 24, 2012 13:05:36 UTC",61.3965,-151.2216,1.3,69.50, 9,"Southern Alaska"
pr,12145004,0,"Thursday, May 24, 2012 12:56:01 UTC",19.8638,-68.5363,3.1,54.80, 4,"Dominican Republic region"
us,b0009xtm,5,"Thursday, May 24, 2012 12:55:14 UTC",-3.4810,145.5361,4.6,35.20,28,"near the north coast of New Guinea, Papua New Guinea"
us,b0009xst,6,"Thursday, May 24, 2012 12:35:43 UTC",39.3784,143.4568,4.6,32.20,119,"off the east coast of Honshu, Japan"
nc,71790786,1,"Thursday, May 24, 2012 12:31:23 UTC",38.8197,-122.8077,1.1,3.50,21,"Northern California"
ci,15154241,2,"Thursday, May 24, 2012 12:30:56 UTC",34.0487,-117.2518,1.3,18.20,30,"Greater Los Angeles area, California"
nm,052412a,A,"Thursday, May 24, 2012 11:54:27 UTC",35.8544,-92.1912,2.2,5.90,14,"Arkansas"
nc,71790751,0,"Thursday, May 24, 2012 11:33:45 UTC",38.8238,-122.7955,1.0,3.20,19,"Northern California"
nc,71790741,3,"Thursday, May 24, 2012 11:24:50 UTC",38.8135,-122.8188,1.9,3.00,63,"Northern California"
ak,10480884,1,"Thursday, May 24, 2012 11:09:16 UTC",63.0490,-150.6663,1.0,41.90, 9,"Central Alaska"
ak,10480879,1,"Thursday, May 24, 2012 11:04:47 UTC",61.8545,-140.8450,2.0,0.00,24,"Southern Yukon Territory, Canada"
pr,12145003,0,"Thursday, May 24, 2012 11:02:29 UTC",18.8439,-67.3790,2.9,8.00, 6,"Puerto Rico region"
hv,60348956,1,"Thursday, May 24, 2012 10:42:04 UTC",19.4038,-155.3400,2.9,1.50,15,"Island of Hawaii, Hawaii"
hv,60348946,1,"Thursday, May 24, 2012 10:22:03 UTC",19.3010,-155.2603,1.8,5.40,25,"Island of Hawaii, Hawaii"
ak,10480875,1,"Thursday, May 24, 2012 10:00:34 UTC",60.9405,-151.2466,1.0,30.80, 6,"Kenai Peninsula, Alaska"
nc,71790716,3,"Thursday, May 24, 2012 09:22:52 UTC",38.8212,-122.8082,1.4,3.50,53,"Northern California"
ci,15154209,2,"Thursday, May 24, 2012 09:20:40 UTC",35.8252,-117.5850,1.6,9.40,49,"Central California"
us,b0009xmw,8,"Thursday, May 24, 2012 09:07:36 UTC",51.7339,-176.0034,4.6,57.80,163,"Andreanof Islands, Aleutian Islands, Alaska"
nc,71790701,3,"Thursday, May 24, 2012 09:01:43 UTC",38.8203,-122.8087,1.5,3.50,54,"Northern California"
hv,60348881,1,"Thursday, May 24, 2012 08:58:11 UTC",19.3758,-155.2380,1.8,3.00,20,"Island of Hawaii, Hawaii"
hv,60348866,1,"Thursday, May 24, 2012 08:23:17 UTC",19.3277,-155.1813,2.3,5.70,48,"Island of Hawaii, Hawaii"
nc,71790691,3,"Thursday, May 24, 2012 08:02:09 UTC",39.2862,-123.4495,1.3,7.00,13,"Northern California"
nc,71790686,0,"Thursday, May 24, 2012 07:54:19 UTC",38.7582,-122.7328,1.0,1.70,18,"Northern California"
ci,15154193,5,"Thursday, May 24, 2012 07:37:59 UTC",33.1843,-115.6058,1.1,2.70,18,"Southern California"
nc,71790671,3,"Thursday, May 24, 2012 07:28:41 UTC",37.3095,-121.6803,2.2,8.40,88,"Northern California"
pr,12145002,0,"Thursday, May 24, 2012 07:27:56 UTC",18.1380,-64.1668,3.1,16.00, 5,"Virgin Islands region"
ak,10480852,1,"Thursday, May 24, 2012 07:10:31 UTC",63.2271,-151.4326,1.0,0.20, 7,"Central Alaska"
ak,10480849,1,"Thursday, May 24, 2012 06:59:39 UTC",62.3521,-149.0413,1.4,15.30,12,"Central Alaska"
ak,10480847,2,"Thursday, May 24, 2012 06:48:38 UTC",52.0201,-173.8293,1.9,4.60,10,"Andreanof Islands, Aleutian Islands, Alaska"
hv,60348821,1,"Thursday, May 24, 2012 06:48:01 UTC",19.3913,-155.2852,1.8,2.90, 8,"Island of Hawaii, Hawaii"
uu,05240647,2,"Thursday, May 24, 2012 06:47:30 UTC",44.1525,-110.3225,2.1,7.90,24,"Yellowstone National Park, Wyoming"
us,b0009xjl,5,"Thursday, May 24, 2012 06:36:57 UTC",0.6113,92.2694,4.5,10.00,23,"off the west coast of northern Sumatra"
ci,15154169,2,"Thursday, May 24, 2012 06:05:54 UTC",32.2025,-115.2485,2.7,10.00,15,"Baja California, Mexico"
ak,10480842,2,"Thursday, May 24, 2012 05:55:22 UTC",52.0959,-173.8938,1.5,12.10, 7,"Andreanof Islands, Aleutian Islands, Alaska"
ci,15154161,2,"Thursday, May 24, 2012 05:45:27 UTC",34.9475,-116.7240,3.2,2.00,66,"Southern California"
us,b0009xib,8,"Thursday, May 24, 2012 05:44:37 UTC",37.1237,-104.7731,3.2,4.90,27,"Colorado"
us,b0009xhx,6,"Thursday, May 24, 2012 05:16:27 UTC",31.3879,138.3123,4.5,368.60,121,"Izu Islands, Japan region"
us,b0009xhd,7,"Thursday, May 24, 2012 04:51:24 UTC",-27.8709,-70.9826,4.6,45.50,86,"Atacama, Chile"
uu,05240419,2,"Thursday, May 24, 2012 04:19:17 UTC",39.4342,-111.1990,1.5,0.00, 9,"Utah"
pr,12145001,0,"Thursday, May 24, 2012 04:17:07 UTC",18.1480,-66.9250,2.6,16.60,12,"Puerto Rico"
nc,71790656,0,"Thursday, May 24, 2012 04:01:39 UTC",38.8202,-122.7913,1.1,3.20,20,"Northern California"
ak,10480827,1,"Thursday, May 24, 2012 03:56:02 UTC",67.1072,-143.9343,3.3,15.50,20,"northern Alaska"
nc,71790621,3,"Thursday, May 24, 2012 03:19:36 UTC",38.8128,-122.7940,1.3,3.20,47,"Northern California"
nc,71790611,2,"Thursday, May 24, 2012 02:40:05 UTC",38.8127,-122.8190,1.3,3.40,49,"Northern California"
ak,10480809,1,"Thursday, May 24, 2012 02:38:14 UTC",63.6073,-150.9503,2.0,3.70,22,"Central Alaska"
nc,71790601,2,"Thursday, May 24, 2012 02:37:40 UTC",38.8383,-122.8397,1.3,3.20,45,"Northern California"
ci,15154145,2,"Thursday, May 24, 2012 02:34:39 UTC",34.3605,-119.8148,1.7,12.90,17,"Santa Barbara Channel, California"
pr,12145000,0,"Thursday, May 24, 2012 02:31:57 UTC",17.9920,-66.4589,3.0,12.80,11,"Puerto Rico"
ak,10480804,2,"Thursday, May 24, 2012 02:07:15 UTC",60.8413,-151.9260,1.2,91.50, 9,"Kenai Peninsula, Alaska"
ci,15154129,2,"Thursday, May 24, 2012 02:05:04 UTC",32.1302,-115.1458,2.5,10.00, 9,"Baja California, Mexico"
nc,71790586,2,"Thursday, May 24, 2012 01:39:50 UTC",37.6065,-118.9780,1.0,5.70,26,"Long Valley area, California"
nn,00377371,9,"Thursday, May 24, 2012 01:27:34 UTC",37.4216,-116.0433,1.3,5.60, 9,"Nevada"
nc,71790576,0,"Thursday, May 24, 2012 01:17:30 UTC",38.8387,-122.7857,1.2,1.70,13,"Northern California"
ak,10480786,1,"Thursday, May 24, 2012 01:05:15 UTC",61.5799,-150.4042,1.9,50.90,20,"Southern Alaska"
nc,71790556,3,"Thursday, May 24, 2012 00:57:05 UTC",38.8125,-122.8177,2.1,3.30,66,"Northern California"
ak,10480771,1,"Thursday, May 24, 2012 00:45:56 UTC",63.3301,-147.1717,2.7,0.00,46,"Central Alaska"
ci,15154121,2,"Thursday, May 24, 2012 00:40:04 UTC",34.3503,-119.1950,1.5,8.10,44,"Greater Los Angeles area, California"
us,b0009xcd,3,"Thursday, May 24, 2012 00:33:27 UTC",1.5156,127.7468,4.7,9.80,24,"Halmahera, Indonesia"
ci,15154089,2,"Thursday, May 24, 2012 00:01:05 UTC",33.5808,-116.6162,1.2,14.60,28,"Southern California"
ak,10480745,2,"Wednesday, May 23, 2012 23:56:17 UTC",60.1251,-153.1872,2.3,145.20,36,"Southern Alaska"
ci,15154081,2,"Wednesday, May 23, 2012 23:50:58 UTC",33.0165,-116.3575,1.6,7.90,60,"Southern California"
ci,15154073,2,"Wednesday, May 23, 2012 23:29:06 UTC",35.0463,-117.6678,1.9,0.00,11,"Southern California"
nc,71790531,2,"Wednesday, May 23, 2012 23:23:51 UTC",38.5737,-122.8010,1.1,19.70,14,"Northern California"
us,b0009x9c,5,"Wednesday, May 23, 2012 23:19:18 UTC",-50.3989,139.4691,5.6,10.00,72,"western Indian-Antarctic Ridge"
us,2012ayba,5,"Wednesday, May 23, 2012 23:15:38 UTC",40.1485,142.4030,4.4,10.00,14,"near the east coast of Honshu, Japan"
ci,15154065,2,"Wednesday, May 23, 2012 23:14:11 UTC",33.4837,-116.4800,1.0,14.70,37,"Southern California"
uw,60405502,2,"Wednesday, May 23, 2012 23:04:51 UTC",46.5722,-119.8018,1.0,10.20, 8,"Washington"
us,b0009xas,5,"Wednesday, May 23, 2012 23:01:53 UTC",-11.3500,-77.7400,4.3,73.00, 0,"near the coast of central Peru"
us,b0009x8f,6,"Wednesday, May 23, 2012 22:59:52 UTC",-50.4744,139.4581,5.9,10.00,63,"western Indian-Antarctic Ridge"
ak,10480707,3,"Wednesday, May 23, 2012 22:56:22 UTC",51.9688,-173.9103,1.5,13.20, 8,"Andreanof Islands, Aleutian Islands, Alaska"
ak,10480705,2,"Wednesday, May 23, 2012 22:55:48 UTC",63.3021,-147.2744,1.5,2.10,20,"Central Alaska"
ak,10480700,3,"Wednesday, May 23, 2012 22:50:49 UTC",51.9272,-173.9066,2.2,13.20,13,"Andreanof Islands, Aleutian Islands, Alaska"
ci,15154057,2,"Wednesday, May 23, 2012 22:05:24 UTC",33.4595,-116.4485,1.6,9.60,81,"Southern California"
us,b0009x78,4,"Wednesday, May 23, 2012 22:00:07 UTC",1.2515,93.0766,4.6,9.80,20,"off the west coast of northern Sumatra"
us,b0009x51,9,"Wednesday, May 23, 2012 21:59:15 UTC",42.5832,23.0861,4.5,12.10,10,"Bulgaria"
nc,71790501,3,"Wednesday, May 23, 2012 21:49:46 UTC",38.2527,-119.3615,1.7,0.50,18,"Central California"
nc,71790496,4,"Wednesday, May 23, 2012 21:41:51 UTC",36.8858,-121.6103,1.6,2.40,16,"Central California"
us,b0009x3u,7,"Wednesday, May 23, 2012 21:41:18 UTC",44.8017,11.2956,4.5,9.10,63,"northern Italy"
uw,60405487,1,"Wednesday, May 23, 2012 21:20:36 UTC",49.4525,-120.4957,2.2,21.50,12,"British Columbia, Canada"
ak,10478951,2,"Wednesday, May 23, 2012 21:15:49 UTC",59.9198,-141.4131,1.6,0.00, 6,"Southeastern Alaska"
nc,71790481,0,"Wednesday, May 23, 2012 21:11:47 UTC",38.8368,-122.7727,1.1,2.60,16,"Northern California"
hv,60348531,1,"Wednesday, May 23, 2012 20:58:01 UTC",20.2140,-156.6253,2.4,30.10,29,"Maui region, Hawaii"
ak,10478815,3,"Wednesday, May 23, 2012 20:49:03 UTC",52.4948,-171.7067,2.3,42.10,12,"Fox Islands, Aleutian Islands, Alaska"
pr,12144002,0,"Wednesday, May 23, 2012 20:48:53 UTC",18.6870,-64.9649,3.0,61.10,13,"Virgin Islands region"
ci,15154033,3,"Wednesday, May 23, 2012 20:36:52 UTC",32.2183,-115.2448,2.6,10.00,12,"Baja California, Mexico"
ak,10478794,3,"Wednesday, May 23, 2012 20:29:36 UTC",51.7285,-177.5414,1.8,72.90,13,"Andreanof Islands, Aleutian Islands, Alaska"
us,2012ayaz,6,"Wednesday, May 23, 2012 20:25:58 UTC",46.5160,152.7145,5.3,34.00,64,"Kuril Islands"
nc,71790466,3,"Wednesday, May 23, 2012 20:19:13 UTC",40.6093,-124.0552,2.7,19.90,38,"Northern California"
nc,71790461,3,"Wednesday, May 23, 2012 20:08:11 UTC",37.5230,-118.7933,2.0,8.30,49,"Central California"
ci,15153993,2,"Wednesday, May 23, 2012 20:06:33 UTC",33.0157,-116.3588,1.6,7.20,76,"Southern California"
ak,10481291,2,"Wednesday, May 23, 2012 19:42:21 UTC",57.2098,-155.3738,1.7,63.00, 7,"Alaska Peninsula"
uw,60405472,1,"Wednesday, May 23, 2012 19:40:06 UTC",46.0598,-122.9490,1.0,20.90,16,"Oregon"
ak,10481289,2,"Wednesday, May 23, 2012 19:09:16 UTC",59.5017,-153.4305,1.6,124.10,17,"Southern Alaska"
ci,15153977,2,"Wednesday, May 23, 2012 19:09:00 UTC",33.1248,-116.5842,1.0,12.30,21,"Southern California"
ak,10481288,2,"Wednesday, May 23, 2012 19:04:33 UTC",62.5194,-142.7302,1.2,14.40, 9,"Central Alaska"
ak,10478762,2,"Wednesday, May 23, 2012 19:00:06 UTC",64.9877,-147.3917,1.0,0.00, 7,"Central Alaska"
ak,10481286,2,"Wednesday, May 23, 2012 18:58:24 UTC",60.1528,-152.9001,1.7,120.60,18,"Southern Alaska"
uw,60405467,1,"Wednesday, May 23, 2012 18:57:18 UTC",45.8445,-122.9360,1.4,10.30,11,"Oregon"
ak,10478744,2,"Wednesday, May 23, 2012 18:37:30 UTC",64.3243,-150.6667,1.0,8.70,15,"Central Alaska"
ak,10478721,2,"Wednesday, May 23, 2012 18:30:03 UTC",61.6898,-150.7257,1.9,69.50,29,"Southern Alaska"
ci,15153953,2,"Wednesday, May 23, 2012 18:23:46 UTC",36.0167,-118.3860,1.0,6.90, 9,"Central California"
ak,10481282,2,"Wednesday, May 23, 2012 18:19:50 UTC",57.8434,-156.1945,1.6,126.90, 9,"Alaska Peninsula"
ak,10478601,3,"Wednesday, May 23, 2012 17:56:48 UTC",62.9269,-151.2672,2.3,110.50,43,"Central Alaska"
us,b0009wng,5,"Wednesday, May 23, 2012 17:50:28 UTC",0.8438,-27.6352,5.3,13.90,219,"central Mid-Atlantic Ridge"
ci,15153937,4,"Wednesday, May 23, 2012 17:47:15 UTC",35.3917,-119.9610,1.7,6.90,12,"Central California"
nc,71790381,0,"Wednesday, May 23, 2012 17:46:30 UTC",38.8413,-122.8302,1.1,2.00,20,"Northern California"
nc,71790371,2,"Wednesday, May 23, 2012 17:37:19 UTC",38.8297,-122.8050,1.5,2.40,49,"Northern California"
hv,60348391,1,"Wednesday, May 23, 2012 17:30:08 UTC",19.3383,-155.1152,1.1,8.40, 8,"Island of Hawaii, Hawaii"
nc,71790361,2,"Wednesday, May 23, 2012 17:12:25 UTC",36.5532,-121.1453,1.1,8.00,10,"Central California"
ak,10478572,2,"Wednesday, May 23, 2012 17:06:23 UTC",62.5885,-149.4274,1.5,66.80,25,"Central Alaska"
ak,10481278,2,"Wednesday, May 23, 2012 16:43:41 UTC",59.8767,-153.3539,1.8,116.20,15,"Southern Alaska"
ak,10478545,2,"Wednesday, May 23, 2012 16:01:19 UTC",62.9023,-150.7673,1.6,101.50,27,"Central Alaska"
nc,71790341,3,"Wednesday, May 23, 2012 15:26:55 UTC",37.4963,-121.7755,1.9,8.20,39,"Northern California"
nc,71790331,3,"Wednesday, May 23, 2012 15:17:45 UTC",37.4777,-118.8400,2.1,6.30,42,"Central California"
nc,71790326,3,"Wednesday, May 23, 2012 15:14:15 UTC",38.5663,-122.7883,1.3,7.40,10,"Northern California"
ak,10478530,2,"Wednesday, May 23, 2012 15:13:52 UTC",53.9815,-163.3661,2.2,46.90,13,"Unimak Island region, Alaska"
nc,71790321,2,"Wednesday, May 23, 2012 15:05:42 UTC",37.9177,-121.9988,1.5,11.60,30,"San Francisco Bay area, California"
us,b0009wev,B,"Wednesday, May 23, 2012 15:02:28 UTC",41.3861,142.0833,6.0,71.40,556,"Hokkaido, Japan region"
nc,71790316,3,"Wednesday, May 23, 2012 14:55:30 UTC",37.2487,-119.3430,1.3,8.50,14,"Central California"
pr,12144001,0,"Wednesday, May 23, 2012 14:54:51 UTC",19.4360,-68.7910,3.3,25.00, 6,"Dominican Republic region"
us,b0009we5,7,"Wednesday, May 23, 2012 14:36:43 UTC",-15.6449,-74.4249,4.7,40.10,66,"near the coast of southern Peru"
us,b0009wdv,4,"Wednesday, May 23, 2012 14:26:11 UTC",2.3026,126.5401,4.6,73.50,39,"Molucca Sea"
nc,71790291,2,"Wednesday, May 23, 2012 13:58:19 UTC",39.7083,-120.3375,1.2,15.10,11,"Northern California"
nc,71790286,4,"Wednesday, May 23, 2012 13:57:04 UTC",40.3760,-125.6033,3.1,23.70,34,"offshore Northern California"
us,b0009wcv,5,"Wednesday, May 23, 2012 13:55:04 UTC",32.2014,138.2477,4.4,348.00,81,"Izu Islands, Japan region"
hv,60348331,1,"Wednesday, May 23, 2012 13:43:36 UTC",19.0245,-157.0303,3.8,23.30,48,"Hawaiian Islands region"
ak,10481272,2,"Wednesday, May 23, 2012 13:34:32 UTC",55.5975,-161.4412,1.3,5.00, 7,"Alaska Peninsula"
ak,10481271,2,"Wednesday, May 23, 2012 13:30:33 UTC",53.5885,-166.4536,1.7,76.00, 8,"Fox Islands, Aleutian Islands, Alaska"
ci,15153905,2,"Wednesday, May 23, 2012 13:19:21 UTC",33.9232,-117.8490,2.4,9.20,95,"Greater Los Angeles area, California"
us,b0009wbc,5,"Wednesday, May 23, 2012 13:12:05 UTC",0.7030,92.3366,4.6,15.00,22,"off the west coast of northern Sumatra"
ci,15153889,2,"Wednesday, May 23, 2012 12:59:55 UTC",33.3183,-116.3853,1.9,6.60,23,"Southern California"
ci,15153881,2,"Wednesday, May 23, 2012 12:52:27 UTC",32.5845,-115.6782,1.3,9.90,13,"Baja California, Mexico"
ak,10481269,2,"Wednesday, May 23, 2012 12:51:04 UTC",59.5804,-155.1120,1.3,4.30,11,"Southern Alaska"
ak,10478478,3,"Wednesday, May 23, 2012 12:45:41 UTC",61.4471,-151.5586,2.3,79.10,33,"Southern Alaska"
nn,00377258,9,"Wednesday, May 23, 2012 12:45:28 UTC",39.0723,-118.0609,2.4,10.80, 7,"Nevada"
ak,10478469,2,"Wednesday, May 23, 2012 11:56:56 UTC",56.6721,-157.0877,2.6,84.00,35,"Alaska Peninsula"
ak,10481265,2,"Wednesday, May 23, 2012 11:55:12 UTC",52.6796,-168.4828,1.4,21.20, 6,"Fox Islands, Aleutian Islands, Alaska"
ak,10478466,2,"Wednesday, May 23, 2012 11:54:52 UTC",61.3131,-146.6859,1.2,19.80,18,"Southern Alaska"
nc,71790266,3,"Wednesday, May 23, 2012 11:47:25 UTC",37.5017,-121.8510,1.7,8.60,65,"San Francisco Bay area, California"
ak,10478461,2,"Wednesday, May 23, 2012 11:42:32 UTC",54.5050,-164.5879,2.7,7.70,15,"Unimak Island region, Alaska"
hv,60348301,1,"Wednesday, May 23, 2012 11:38:28 UTC",19.4033,-155.2840,2.0,1.60,12,"Island of Hawaii, Hawaii"
ak,10481261,2,"Wednesday, May 23, 2012 11:24:11 UTC",52.7798,-169.3718,1.3,8.50, 5,"Fox Islands, Aleutian Islands, Alaska"
us,b0009w8b,3,"Wednesday, May 23, 2012 11:04:21 UTC",19.0310,145.4336,4.3,229.10,53,"Maug Islands region, Northern Mariana Islands"
ak,10478452,2,"Wednesday, May 23, 2012 11:04:14 UTC",61.4967,-146.4805,1.3,20.10,25,"Southern Alaska"
ak,10478450,2,"Wednesday, May 23, 2012 10:59:53 UTC",60.0018,-141.0790,1.1,7.90,15,"Southern Alaska"
ak,10478445,2,"Wednesday, May 23, 2012 10:36:52 UTC",61.5548,-150.5085,1.2,51.60,14,"Southern Alaska"
us,b0009w7n,3,"Wednesday, May 23, 2012 10:24:07 UTC",-1.7083,-77.7494,4.6,161.30,183,"Ecuador"
nc,71790241,4,"Wednesday, May 23, 2012 10:15:01 UTC",35.2765,-120.9507,1.4,8.00,38,"offshore Central California"
ci,15153841,2,"Wednesday, May 23, 2012 09:59:41 UTC",34.0887,-117.4965,1.1,2.40,38,"Greater Los Angeles area, California"
ak,10478433,2,"Wednesday, May 23, 2012 09:48:55 UTC",61.7343,-150.2939,1.5,4.10,15,"Southern Alaska"
ak,10478415,3,"Wednesday, May 23, 2012 09:35:29 UTC",59.0249,-152.9061,4.6,67.10,118,"Southern Alaska"
hv,60348231,1,"Wednesday, May 23, 2012 09:34:04 UTC",19.3125,-155.2187,1.8,5.40,25,"Island of Hawaii, Hawaii"
us,b0009w6m,6,"Wednesday, May 23, 2012 09:28:55 UTC",-23.8687,-66.6651,4.3,194.60,42,"Jujuy, Argentina"
pr,12144000,0,"Wednesday, May 23, 2012 09:22:13 UTC",18.0009,-66.4940,1.9,16.20, 4,"Puerto Rico"
ak,10478405,2,"Wednesday, May 23, 2012 09:09:00 UTC",61.3965,-147.8567,1.9,26.00,31,"Southern Alaska"
ak,10478406,2,"Wednesday, May 23, 2012 09:08:26 UTC",52.9270,-167.5873,1.9,55.30,12,"Fox Islands, Aleutian Islands, Alaska"
ak,10478400,2,"Wednesday, May 23, 2012 08:12:20 UTC",55.6160,-161.5104,3.2,12.10,22,"Alaska Peninsula"
ak,10478395,3,"Wednesday, May 23, 2012 07:35:54 UTC",61.7379,-149.7474,1.2,1.20,15,"Southern Alaska"
ak,10478509,3,"Wednesday, May 23, 2012 07:13:39 UTC",55.5998,-161.4680,2.8,8.30,15,"Alaska Peninsula"
ak,10478387,3,"Wednesday, May 23, 2012 07:12:04 UTC",60.0793,-151.6308,1.9,65.50,27,"Kenai Peninsula, Alaska"
ak,10478381,2,"Wednesday, May 23, 2012 07:00:33 UTC",63.2566,-149.1574,1.7,85.50,32,"Central Alaska"
ak,10481243,2,"Wednesday, May 23, 2012 06:52:06 UTC",53.8064,-164.2473,1.7,25.30, 9,"Unimak Island region, Alaska"
ak,10478377,3,"Wednesday, May 23, 2012 06:47:46 UTC",55.5734,-161.4921,2.9,13.20,14,"Alaska Peninsula"
ci,15153825,2,"Wednesday, May 23, 2012 06:40:41 UTC",34.0597,-117.3210,1.3,19.20,73,"Greater Los Angeles area, California"
us,b0009w4h,7,"Wednesday, May 23, 2012 06:37:42 UTC",-29.8867,-177.1380,4.8,10.00,55,"Kermadec Islands, New Zealand"
ak,10478375,2,"Wednesday, May 23, 2012 06:34:14 UTC",55.5522,-161.4805,1.7,10.70, 8,"Alaska Peninsula"
ci,15153817,2,"Wednesday, May 23, 2012 06:33:06 UTC",33.3267,-116.3942,1.1,6.80,43,"Southern California"
hv,60348031,1,"Wednesday, May 23, 2012 06:29:27 UTC",19.3343,-155.2582,2.4,44.80,15,"Island of Hawaii, Hawaii"
nc,71790196,0,"Wednesday, May 23, 2012 06:25:50 UTC",38.8370,-122.8455,1.0,2.20,19,"Northern California"
hv,60348021,1,"Wednesday, May 23, 2012 06:17:09 UTC",19.2278,-155.3412,2.3,0.00,13,"Island of Hawaii, Hawaii"
nc,71790191,5,"Wednesday, May 23, 2012 05:55:14 UTC",38.8238,-122.8030,1.8,3.40,58,"Northern California"
ak,10478365,2,"Wednesday, May 23, 2012 05:40:41 UTC",62.1829,-149.9422,1.0,9.00,14,"Central Alaska"
ak,10481237,2,"Wednesday, May 23, 2012 05:36:44 UTC",54.7971,-160.6331,2.0,25.60, 7,"Alaska Peninsula"
ak,10481236,2,"Wednesday, May 23, 2012 05:36:02 UTC",58.3390,-137.9581,2.0,0.30,14,"Southeastern Alaska"
us,b0009w3p,4,"Wednesday, May 23, 2012 05:32:46 UTC",-6.9495,35.8367,4.3,10.00,23,"Tanzania"
mb,12540397,2,"Wednesday, May 23, 2012 05:15:30 UTC",45.6795,-112.0653,1.2,7.20,13,"western Montana"
ak,10478354,2,"Wednesday, May 23, 2012 05:11:26 UTC",60.6730,-151.0798,2.0,10.10,31,"Kenai Peninsula, Alaska"
nc,71790186,2,"Wednesday, May 23, 2012 05:10:30 UTC",38.8108,-122.8513,1.0,1.70,58,"Northern California"
nc,71790176,3,"Wednesday, May 23, 2012 04:12:07 UTC",38.8425,-122.8407,1.1,2.30,56,"Northern California"
nc,71790171,3,"Wednesday, May 23, 2012 04:10:38 UTC",37.5172,-118.8257,1.6,5.10,38,"Central California"
nc,71790161,2,"Wednesday, May 23, 2012 03:44:22 UTC",37.5178,-118.8233,1.1,4.40,30,"Central California"
ci,15153801,4,"Wednesday, May 23, 2012 03:23:07 UTC",32.7175,-115.9598,1.5,9.80,50,"Southern California"
ak,10478343,2,"Wednesday, May 23, 2012 03:15:03 UTC",59.8425,-139.4356,1.7,0.00, 7,"Southeastern Alaska"
ak,10478341,2,"Wednesday, May 23, 2012 03:10:30 UTC",63.0738,-150.4752,1.1,103.10,16,"Central Alaska"